"","p","m","alpha","run_time"
"1",100,1,0.01,0.162191390991211
"2",100,1,0.01,0.166868209838867
"3",100,1,0.01,0.399041414260864
"4",100,1,0.01,0.157734155654907
"5",100,1,0.01,0.167032718658447
"6",100,1,0.01,0.165943622589111
"7",100,1,0.01,0.157625913619995
"8",100,1,0.01,0.16929292678833
"9",100,1,0.01,0.167694568634033
"10",100,1,0.01,0.157098054885864
"11",100,10,0.01,0.541819095611572
"12",100,10,0.01,0.450786828994751
"13",100,10,0.01,0.456317901611328
"14",100,10,0.01,0.452861547470093
"15",100,10,0.01,0.441463470458984
"16",100,10,0.01,0.451879024505615
"17",100,10,0.01,0.455153942108154
"18",100,10,0.01,0.452178955078125
"19",100,10,0.01,0.451690435409546
"20",100,10,0.01,0.453476190567017
"21",100,100,0.01,3.017493724823
"22",100,100,0.01,3.2164843082428
"23",100,100,0.01,3.01148128509521
"24",100,100,0.01,2.96974849700928
"25",100,100,0.01,3.00303626060486
"26",100,100,0.01,3.00392460823059
"27",100,100,0.01,2.96699047088623
"28",100,100,0.01,3.00726795196533
"29",100,100,0.01,2.95474672317505
"30",100,100,0.01,3.06901979446411
"31",100,1000,0.01,28.3204092979431
"32",100,1000,0.01,28.3920724391937
"33",100,1000,0.01,28.3129241466522
"34",100,1000,0.01,28.2273478507996
"35",100,1000,0.01,28.1858670711517
"36",100,1000,0.01,28.1485168933868
"37",100,1000,0.01,28.2375881671906
"38",100,1000,0.01,28.3001799583435
"39",100,1000,0.01,28.2447347640991
"40",100,1000,0.01,28.2942740917206
"41",100,1,0.05,0.157769441604614
"42",100,1,0.05,0.167677640914917
"43",100,1,0.05,0.166872262954712
"44",100,1,0.05,0.157482147216797
"45",100,1,0.05,0.165042400360107
"46",100,1,0.05,0.166763544082642
"47",100,1,0.05,0.158295154571533
"48",100,1,0.05,0.165939092636108
"49",100,1,0.05,0.167917728424072
"50",100,1,0.05,0.158908605575562
"51",100,10,0.05,1.70193719863892
"52",100,10,0.05,1.95884227752686
"53",100,10,0.05,1.73526906967163
"54",100,10,0.05,1.70446348190308
"55",100,10,0.05,1.69647645950317
"56",100,10,0.05,1.69690823554993
"57",100,10,0.05,1.69886636734009
"58",100,10,0.05,1.70308780670166
"59",100,10,0.05,1.70597219467163
"60",100,10,0.05,1.69605231285095
"61",100,100,0.05,14.7724072933197
"62",100,100,0.05,14.4087963104248
"63",100,100,0.05,14.4747266769409
"64",100,100,0.05,14.4906129837036
"65",100,100,0.05,14.3640658855438
"66",100,100,0.05,14.5629715919495
"67",100,100,0.05,14.4337024688721
"68",100,100,0.05,14.5963201522827
"69",100,100,0.05,14.3116617202759
"70",100,100,0.05,14.4504594802856
"71",100,1000,0.05,144.860396623611
"72",100,1000,0.05,144.76590514183
"73",100,1000,0.05,145.164845466614
"74",100,1000,0.05,144.768092632294
"75",100,1000,0.05,144.686293363571
"76",100,1000,0.05,149.987891435623
"77",100,1000,0.05,153.093535900116
"78",100,1000,0.05,150.278747797012
"79",100,1000,0.05,151.989402294159
"80",100,1000,0.05,151.596781015396
"81",100,1,0.1,0.160890579223633
"82",100,1,0.1,0.165575981140137
"83",100,1,0.1,0.167112350463867
"84",100,1,0.1,0.156920433044434
"85",100,1,0.1,0.165185689926147
"86",100,1,0.1,0.166990518569946
"87",100,1,0.1,0.158652067184448
"88",100,1,0.1,0.164605617523193
"89",100,1,0.1,0.166938066482544
"90",100,1,0.1,0.157830476760864
"91",100,10,0.1,24.5036678314209
"92",100,10,0.1,24.4442336559296
"93",100,10,0.1,24.2406656742096
"94",100,10,0.1,24.4369184970856
"95",100,10,0.1,24.4328091144562
"96",100,10,0.1,24.4323737621307
"97",100,10,0.1,25.1045455932617
"98",100,10,0.1,24.9261586666107
"99",100,10,0.1,24.3742938041687
"100",100,10,0.1,24.2597517967224
"101",100,100,0.1,206.364584922791
"102",100,100,0.1,205.962095499039
"103",100,100,0.1,205.762756109238
"104",100,100,0.1,205.927962779999
"105",100,100,0.1,205.977691173553
"106",100,100,0.1,206.052168130875
"107",100,100,0.1,205.937126874924
"108",100,100,0.1,205.773505687714
"109",100,100,0.1,206.388644933701
"110",100,100,0.1,205.860558748245
"111",100,1000,0.1,2112.90340399742
"112",100,1000,0.1,2112.70629143715
"113",100,1000,0.1,2146.03281760216
"114",100,1000,0.1,2113.92458605766
"115",100,1000,0.1,2110.76428031921
"116",100,1000,0.1,2112.64614439011
"117",100,1000,0.1,2112.70126652718
"118",100,1000,0.1,2113.04022717476
"119",100,1000,0.1,2112.52641868591
"120",100,1000,0.1,2112.75496888161
"121",90,1,0.01,0.127762317657471
"122",90,1,0.01,0.137984037399292
"123",90,1,0.01,0.127700805664062
"124",90,1,0.01,0.135922431945801
"125",90,1,0.01,0.128283262252808
"126",90,1,0.01,0.134706258773804
"127",90,1,0.01,0.127979040145874
"128",90,1,0.01,0.139394998550415
"129",90,1,0.01,0.12930154800415
"130",90,1,0.01,0.136030912399292
"131",90,10,0.01,0.358527898788452
"132",90,10,0.01,0.365279912948608
"133",90,10,0.01,0.354041576385498
"134",90,10,0.01,0.367369651794434
"135",90,10,0.01,0.35954737663269
"136",90,10,0.01,0.366815567016602
"137",90,10,0.01,0.35649847984314
"138",90,10,0.01,0.366963386535645
"139",90,10,0.01,0.351731300354004
"140",90,10,0.01,0.381540536880493
"141",90,100,0.01,2.38704371452332
"142",90,100,0.01,2.37923121452332
"143",90,100,0.01,2.37388134002686
"144",90,100,0.01,2.39839959144592
"145",90,100,0.01,2.42879223823547
"146",90,100,0.01,2.43152904510498
"147",90,100,0.01,2.37139654159546
"148",90,100,0.01,2.38810658454895
"149",90,100,0.01,2.64344215393066
"150",90,100,0.01,2.37110257148743
"151",90,1000,0.01,22.9353280067444
"152",90,1000,0.01,22.6396143436432
"153",90,1000,0.01,22.6156644821167
"154",90,1000,0.01,22.7884082794189
"155",90,1000,0.01,22.7674481868744
"156",90,1000,0.01,22.7875461578369
"157",90,1000,0.01,22.5919086933136
"158",90,1000,0.01,22.7612416744232
"159",90,1000,0.01,22.7425100803375
"160",90,1000,0.01,22.8543939590454
"161",90,1,0.05,0.132458448410034
"162",90,1,0.05,0.133260011672974
"163",90,1,0.05,0.14148211479187
"164",90,1,0.05,0.13322925567627
"165",90,1,0.05,0.139275312423706
"166",90,1,0.05,0.133320808410645
"167",90,1,0.05,0.148722171783447
"168",90,1,0.05,0.133469343185425
"169",90,1,0.05,0.141760110855103
"170",90,1,0.05,0.130524158477783
"171",90,10,0.05,0.998709678649902
"172",90,10,0.05,0.992169857025146
"173",90,10,0.05,0.998498439788818
"174",90,10,0.05,1.00086641311646
"175",90,10,0.05,0.998249292373657
"176",90,10,0.05,0.994308471679688
"177",90,10,0.05,1.0084536075592
"178",90,10,0.05,1.02221131324768
"179",90,10,0.05,1.00744986534119
"180",90,10,0.05,0.993314504623413
"181",90,100,0.05,8.15274381637573
"182",90,100,0.05,7.88905477523804
"183",90,100,0.05,7.89123558998108
"184",90,100,0.05,7.90047025680542
"185",90,100,0.05,8.14064073562622
"186",90,100,0.05,7.84961414337158
"187",90,100,0.05,7.87609577178955
"188",90,100,0.05,7.90796971321106
"189",90,100,0.05,8.14430165290833
"190",90,100,0.05,7.82144999504089
"191",90,1000,0.05,80.6552395820618
"192",90,1000,0.05,80.2596716880798
"193",90,1000,0.05,80.5172126293182
"194",90,1000,0.05,79.9948706626892
"195",90,1000,0.05,80.2396285533905
"196",90,1000,0.05,80.2283079624176
"197",90,1000,0.05,80.1387798786163
"198",90,1000,0.05,79.9878220558167
"199",90,1000,0.05,80.1844098567963
"200",90,1000,0.05,79.8760244846344
"201",90,1,0.1,0.127508640289307
"202",90,1,0.1,0.144391059875488
"203",90,1,0.1,0.127296924591064
"204",90,1,0.1,0.372776031494141
"205",90,1,0.1,0.128228187561035
"206",90,1,0.1,0.138132810592651
"207",90,1,0.1,0.128271341323853
"208",90,1,0.1,0.134256362915039
"209",90,1,0.1,0.127374172210693
"210",90,1,0.1,0.134708642959595
"211",90,10,0.1,12.8601531982422
"212",90,10,0.1,12.9583170413971
"213",90,10,0.1,12.6668541431427
"214",90,10,0.1,12.6340901851654
"215",90,10,0.1,12.9101839065552
"216",90,10,0.1,12.550927400589
"217",90,10,0.1,12.6270010471344
"218",90,10,0.1,12.9512333869934
"219",90,10,0.1,12.6304812431335
"220",90,10,0.1,12.703439950943
"221",90,100,0.1,117.88319849968
"222",90,100,0.1,117.643081188202
"223",90,100,0.1,118.01544547081
"224",90,100,0.1,117.69872879982
"225",90,100,0.1,117.668964147568
"226",90,100,0.1,117.901273488998
"227",90,100,0.1,117.154998779297
"228",90,100,0.1,117.508716583252
"229",90,100,0.1,117.182904005051
"230",90,100,0.1,117.522902011871
"231",90,1000,0.1,1177.07277536392
"232",90,1000,0.1,1176.5880010128
"233",90,1000,0.1,1177.04769015312
"234",90,1000,0.1,1177.28374433517
"235",90,1000,0.1,1176.79211711884
"236",90,1000,0.1,1176.83267641068
"237",90,1000,0.1,1177.37925958633
"238",90,1000,0.1,1178.62978124619
"239",90,1000,0.1,1176.65206885338
"240",90,1000,0.1,1176.3780901432
"241",80,1,0.01,0.10029673576355
"242",80,1,0.01,0.10323691368103
"243",80,1,0.01,0.108407258987427
"244",80,1,0.01,0.100726127624512
"245",80,1,0.01,0.108527898788452
"246",80,1,0.01,0.100794553756714
"247",80,1,0.01,0.102202653884888
"248",80,1,0.01,0.100247621536255
"249",80,1,0.01,0.101308584213257
"250",80,1,0.01,0.108861446380615
"251",80,10,0.01,0.299759149551392
"252",80,10,0.01,0.296165227890015
"253",80,10,0.01,0.296577215194702
"254",80,10,0.01,0.298137187957764
"255",80,10,0.01,0.306812524795532
"256",80,10,0.01,0.296487092971802
"257",80,10,0.01,0.297701597213745
"258",80,10,0.01,0.296856164932251
"259",80,10,0.01,0.298971176147461
"260",80,10,0.01,0.305016994476318
"261",80,100,0.01,2.41764521598816
"262",80,100,0.01,1.94291424751282
"263",80,100,0.01,1.95849943161011
"264",80,100,0.01,1.93273115158081
"265",80,100,0.01,1.94553542137146
"266",80,100,0.01,1.97884345054626
"267",80,100,0.01,1.95298027992249
"268",80,100,0.01,1.94967889785767
"269",80,100,0.01,1.94292521476746
"270",80,100,0.01,1.94704961776733
"271",80,1000,0.01,18.7048406600952
"272",80,1000,0.01,18.800726890564
"273",80,1000,0.01,18.781806230545
"274",80,1000,0.01,18.5261533260345
"275",80,1000,0.01,18.6510784626007
"276",80,1000,0.01,18.6340537071228
"277",80,1000,0.01,18.6237859725952
"278",80,1000,0.01,18.8081629276276
"279",80,1000,0.01,18.6672348976135
"280",80,1000,0.01,18.6357853412628
"281",80,1,0.05,0.102257013320923
"282",80,1,0.05,0.349208354949951
"283",80,1,0.05,0.0998330116271973
"284",80,1,0.05,0.100096225738525
"285",80,1,0.05,0.107288599014282
"286",80,1,0.05,0.099489688873291
"287",80,1,0.05,0.107491731643677
"288",80,1,0.05,0.0998203754425049
"289",80,1,0.05,0.100476741790771
"290",80,1,0.05,0.10660982131958
"291",80,10,0.05,1.26599073410034
"292",80,10,0.05,1.28245568275452
"293",80,10,0.05,1.27210831642151
"294",80,10,0.05,1.29505944252014
"295",80,10,0.05,1.26728701591492
"296",80,10,0.05,1.28459787368774
"297",80,10,0.05,1.26920700073242
"298",80,10,0.05,1.29976963996887
"299",80,10,0.05,1.27055358886719
"300",80,10,0.05,1.28180623054504
"301",80,100,0.05,10.5774660110474
"302",80,100,0.05,10.5227644443512
"303",80,100,0.05,10.7692754268646
"304",80,100,0.05,10.5287184715271
"305",80,100,0.05,10.472912311554
"306",80,100,0.05,10.5259482860565
"307",80,100,0.05,10.7506875991821
"308",80,100,0.05,10.4490242004395
"309",80,100,0.05,10.4732122421265
"310",80,100,0.05,10.7595584392548
"311",80,1000,0.05,106.235068082809
"312",80,1000,0.05,105.846521854401
"313",80,1000,0.05,106.326642751694
"314",80,1000,0.05,106.234600067139
"315",80,1000,0.05,106.387676477432
"316",80,1000,0.05,106.462284326553
"317",80,1000,0.05,106.426918029785
"318",80,1000,0.05,106.202482461929
"319",80,1000,0.05,106.19428563118
"320",80,1000,0.05,106.443549394608
"321",80,1,0.1,0.100605726242065
"322",80,1,0.1,0.101706504821777
"323",80,1,0.1,0.108319520950317
"324",80,1,0.1,0.100249528884888
"325",80,1,0.1,0.10853910446167
"326",80,1,0.1,0.102349996566772
"327",80,1,0.1,0.10036826133728
"328",80,1,0.1,0.107046365737915
"329",80,1,0.1,0.100196838378906
"330",80,1,0.1,0.111977100372314
"331",80,10,0.1,9.76296949386597
"332",80,10,0.1,9.29886651039124
"333",80,10,0.1,9.34144926071167
"334",80,10,0.1,9.41089677810669
"335",80,10,0.1,9.52520489692688
"336",80,10,0.1,9.27051448822021
"337",80,10,0.1,9.31026196479797
"338",80,10,0.1,9.39116859436035
"339",80,10,0.1,9.45643258094788
"340",80,10,0.1,9.27390551567078
"341",80,100,0.1,81.0973365306854
"342",80,100,0.1,80.788741350174
"343",80,100,0.1,81.1272583007812
"344",80,100,0.1,80.8489475250244
"345",80,100,0.1,81.0989689826965
"346",80,100,0.1,81.0204520225525
"347",80,100,0.1,81.3675696849823
"348",80,100,0.1,81.032782793045
"349",80,100,0.1,81.1162478923798
"350",80,100,0.1,80.9155025482178
"351",80,1000,0.1,835.071400642395
"352",80,1000,0.1,834.604142904282
"353",80,1000,0.1,834.13941526413
"354",80,1000,0.1,834.781636238098
"355",80,1000,0.1,834.866245746613
"356",80,1000,0.1,835.126004934311
"357",80,1000,0.1,834.208009958267
"358",80,1000,0.1,835.248999595642
"359",80,1000,0.1,835.47101688385
"360",80,1000,0.1,834.219793319702
"361",70,1,0.01,0.0772578716278076
"362",70,1,0.01,0.0791792869567871
"363",70,1,0.01,0.0850248336791992
"364",70,1,0.01,0.0758209228515625
"365",70,1,0.01,0.0788040161132812
"366",70,1,0.01,0.320975303649902
"367",70,1,0.01,0.0762264728546143
"368",70,1,0.01,0.0782804489135742
"369",70,1,0.01,0.0853211879730225
"370",70,1,0.01,0.0762882232666016
"371",70,10,0.01,0.451088666915894
"372",70,10,0.01,0.212735176086426
"373",70,10,0.01,0.22001051902771
"374",70,10,0.01,0.220601797103882
"375",70,10,0.01,0.219856739044189
"376",70,10,0.01,0.221216917037964
"377",70,10,0.01,0.218529939651489
"378",70,10,0.01,0.219911575317383
"379",70,10,0.01,0.220904350280762
"380",70,10,0.01,0.220780372619629
"381",70,100,0.01,1.4460883140564
"382",70,100,0.01,1.46100234985352
"383",70,100,0.01,1.44262433052063
"384",70,100,0.01,1.45247054100037
"385",70,100,0.01,1.46499180793762
"386",70,100,0.01,1.45957899093628
"387",70,100,0.01,1.46465039253235
"388",70,100,0.01,1.46098017692566
"389",70,100,0.01,1.47586393356323
"390",70,100,0.01,1.45644330978394
"391",70,1000,0.01,13.7197227478027
"392",70,1000,0.01,13.8440282344818
"393",70,1000,0.01,13.9019191265106
"394",70,1000,0.01,13.7769725322723
"395",70,1000,0.01,13.8915019035339
"396",70,1000,0.01,13.7779564857483
"397",70,1000,0.01,13.8923351764679
"398",70,1000,0.01,13.7489659786224
"399",70,1000,0.01,13.8975145816803
"400",70,1000,0.01,13.8277955055237
"401",70,1,0.05,0.0774750709533691
"402",70,1,0.05,0.0785708427429199
"403",70,1,0.05,0.0859360694885254
"404",70,1,0.05,0.0775585174560547
"405",70,1,0.05,0.0776965618133545
"406",70,1,0.05,0.0843226909637451
"407",70,1,0.05,0.0764081478118896
"408",70,1,0.05,0.0773489475250244
"409",70,1,0.05,0.0852603912353516
"410",70,1,0.05,0.0765659809112549
"411",70,10,0.05,0.763798952102661
"412",70,10,0.05,0.751300096511841
"413",70,10,0.05,0.777273416519165
"414",70,10,0.05,0.759828567504883
"415",70,10,0.05,0.754289627075195
"416",70,10,0.05,0.800793170928955
"417",70,10,0.05,0.787690162658691
"418",70,10,0.05,0.783764362335205
"419",70,10,0.05,0.760820150375366
"420",70,10,0.05,0.986433506011963
"421",70,100,0.05,6.1806857585907
"422",70,100,0.05,6.16133737564087
"423",70,100,0.05,6.16926670074463
"424",70,100,0.05,6.25993275642395
"425",70,100,0.05,6.33068132400513
"426",70,100,0.05,6.13924694061279
"427",70,100,0.05,6.12082076072693
"428",70,100,0.05,6.11792540550232
"429",70,100,0.05,6.15690326690674
"430",70,100,0.05,6.33790993690491
"431",70,1000,0.05,61.719518661499
"432",70,1000,0.05,61.8318305015564
"433",70,1000,0.05,61.3510353565216
"434",70,1000,0.05,61.463721036911
"435",70,1000,0.05,61.5517008304596
"436",70,1000,0.05,61.708676815033
"437",70,1000,0.05,61.4565722942352
"438",70,1000,0.05,61.5729894638062
"439",70,1000,0.05,61.6463816165924
"440",70,1000,0.05,61.4758675098419
"441",70,1,0.1,0.0771312713623047
"442",70,1,0.1,0.0768599510192871
"443",70,1,0.1,0.0802276134490967
"444",70,1,0.1,0.0836215019226074
"445",70,1,0.1,0.0762259960174561
"446",70,1,0.1,0.0770764350891113
"447",70,1,0.1,0.0839409828186035
"448",70,1,0.1,0.0760180950164795
"449",70,1,0.1,0.0773720741271973
"450",70,1,0.1,0.084226131439209
"451",70,10,0.1,6.91012358665466
"452",70,10,0.1,6.67349100112915
"453",70,10,0.1,6.63213014602661
"454",70,10,0.1,6.65827608108521
"455",70,10,0.1,6.70350456237793
"456",70,10,0.1,6.7419958114624
"457",70,10,0.1,6.80202603340149
"458",70,10,0.1,6.66658139228821
"459",70,10,0.1,6.6777937412262
"460",70,10,0.1,6.69216418266296
"461",70,100,0.1,59.0801911354065
"462",70,100,0.1,58.9591267108917
"463",70,100,0.1,58.8932266235352
"464",70,100,0.1,59.161055803299
"465",70,100,0.1,58.9601218700409
"466",70,100,0.1,59.0881474018097
"467",70,100,0.1,58.9000294208527
"468",70,100,0.1,59.121063709259
"469",70,100,0.1,58.9036407470703
"470",70,100,0.1,59.1188662052155
"471",70,1000,0.1,579.492988824844
"472",70,1000,0.1,578.676332950592
"473",70,1000,0.1,579.298523187637
"474",70,1000,0.1,579.171832799911
"475",70,1000,0.1,578.570004701614
"476",70,1000,0.1,578.909914255142
"477",70,1000,0.1,579.443427801132
"478",70,1000,0.1,579.273726463318
"479",70,1000,0.1,579.237171173096
"480",70,1000,0.1,578.419806480408
"481",60,1,0.01,0.0558483600616455
"482",60,1,0.01,0.0572774410247803
"483",60,1,0.01,0.0583980083465576
"484",60,1,0.01,0.064075231552124
"485",60,1,0.01,0.0558757781982422
"486",60,1,0.01,0.0566344261169434
"487",60,1,0.01,0.0597624778747559
"488",60,1,0.01,0.0644690990447998
"489",60,1,0.01,0.0555768013000488
"490",60,1,0.01,0.0560574531555176
"491",60,10,0.01,0.157653331756592
"492",60,10,0.01,0.16877293586731
"493",60,10,0.01,0.167401313781738
"494",60,10,0.01,0.159088134765625
"495",60,10,0.01,0.39057183265686
"496",60,10,0.01,0.158189296722412
"497",60,10,0.01,0.164378881454468
"498",60,10,0.01,0.164340734481812
"499",60,10,0.01,0.157708644866943
"500",60,10,0.01,0.164576768875122
"501",60,100,0.01,1.06268358230591
"502",60,100,0.01,1.0867908000946
"503",60,100,0.01,1.06878972053528
"504",60,100,0.01,1.10159873962402
"505",60,100,0.01,1.0877149105072
"506",60,100,0.01,1.08019757270813
"507",60,100,0.01,1.07054924964905
"508",60,100,0.01,1.08042335510254
"509",60,100,0.01,1.06776905059814
"510",60,100,0.01,1.07326602935791
"511",60,1000,0.01,9.97137570381165
"512",60,1000,0.01,10.0182626247406
"513",60,1000,0.01,10.2558596134186
"514",60,1000,0.01,9.97560954093933
"515",60,1000,0.01,10.0814871788025
"516",60,1000,0.01,10.2631976604462
"517",60,1000,0.01,9.99754738807678
"518",60,1000,0.01,10.0667159557343
"519",60,1000,0.01,10.2762603759766
"520",60,1000,0.01,10.0372264385223
"521",60,1,0.05,0.0566649436950684
"522",60,1,0.05,0.0570342540740967
"523",60,1,0.05,0.0583698749542236
"524",60,1,0.05,0.0641152858734131
"525",60,1,0.05,0.0560944080352783
"526",60,1,0.05,0.0562365055084229
"527",60,1,0.05,0.0567376613616943
"528",60,1,0.05,0.0640976428985596
"529",60,1,0.05,0.0559558868408203
"530",60,1,0.05,0.0561788082122803
"531",60,10,0.05,0.318114280700684
"532",60,10,0.05,0.322656631469727
"533",60,10,0.05,0.328757047653198
"534",60,10,0.05,0.32795238494873
"535",60,10,0.05,0.320491790771484
"536",60,10,0.05,0.321125745773315
"537",60,10,0.05,0.321984052658081
"538",60,10,0.05,0.330243349075317
"539",60,10,0.05,0.324065446853638
"540",60,10,0.05,0.321914672851562
"541",60,100,0.05,2.52358460426331
"542",60,100,0.05,2.75748872756958
"543",60,100,0.05,2.50646781921387
"544",60,100,0.05,2.51642680168152
"545",60,100,0.05,2.52016639709473
"546",60,100,0.05,2.54014015197754
"547",60,100,0.05,2.49974298477173
"548",60,100,0.05,2.51986598968506
"549",60,100,0.05,2.52453064918518
"550",60,100,0.05,2.54597687721252
"551",60,1000,0.05,24.5147798061371
"552",60,1000,0.05,24.6750481128693
"553",60,1000,0.05,24.8351995944977
"554",60,1000,0.05,24.6094262599945
"555",60,1000,0.05,24.5402755737305
"556",60,1000,0.05,24.5235469341278
"557",60,1000,0.05,24.7498462200165
"558",60,1000,0.05,24.5037801265717
"559",60,1000,0.05,24.4446046352386
"560",60,1000,0.05,24.6950860023499
"561",60,1,0.1,0.0571906566619873
"562",60,1,0.1,0.0565204620361328
"563",60,1,0.1,0.0584268569946289
"564",60,1,0.1,0.300667524337769
"565",60,1,0.1,0.0561728477478027
"566",60,1,0.1,0.0562417507171631
"567",60,1,0.1,0.0567777156829834
"568",60,1,0.1,0.0663094520568848
"569",60,1,0.1,0.0560352802276611
"570",60,1,0.1,0.056105375289917
"571",60,10,0.1,1.50715231895447
"572",60,10,0.1,1.51439619064331
"573",60,10,0.1,1.50766658782959
"574",60,10,0.1,1.51981425285339
"575",60,10,0.1,1.54054665565491
"576",60,10,0.1,1.51968622207642
"577",60,10,0.1,1.51004648208618
"578",60,10,0.1,1.51435923576355
"579",60,10,0.1,1.52088737487793
"580",60,10,0.1,1.51573610305786
"581",60,100,0.1,12.8122315406799
"582",60,100,0.1,12.9449071884155
"583",60,100,0.1,12.6484637260437
"584",60,100,0.1,12.7518336772919
"585",60,100,0.1,12.8612704277039
"586",60,100,0.1,12.7714388370514
"587",60,100,0.1,12.6884632110596
"588",60,100,0.1,12.8485045433044
"589",60,100,0.1,12.7075448036194
"590",60,100,0.1,12.6939249038696
"591",60,1000,0.1,127.765545368195
"592",60,1000,0.1,127.730181217194
"593",60,1000,0.1,127.924411058426
"594",60,1000,0.1,128.02419757843
"595",60,1000,0.1,129.774453878403
"596",60,1000,0.1,132.075506210327
"597",60,1000,0.1,131.942954063416
"598",60,1000,0.1,131.983586788177
"599",60,1000,0.1,131.936276435852
"600",60,1000,0.1,133.990500926971
"601",50,1,0.01,0.0394644737243652
"602",50,1,0.01,0.0397474765777588
"603",50,1,0.01,0.0398941040039062
"604",50,1,0.01,0.0424807071685791
"605",50,1,0.01,0.0418577194213867
"606",50,1,0.01,0.0477561950683594
"607",50,1,0.01,0.0398349761962891
"608",50,1,0.01,0.0406928062438965
"609",50,1,0.01,0.0400295257568359
"610",50,1,0.01,0.0404419898986816
"611",50,10,0.01,0.120481491088867
"612",50,10,0.01,0.12084174156189
"613",50,10,0.01,0.109908580780029
"614",50,10,0.01,0.121703147888184
"615",50,10,0.01,0.111229419708252
"616",50,10,0.01,0.120559215545654
"617",50,10,0.01,0.111344814300537
"618",50,10,0.01,0.11090087890625
"619",50,10,0.01,0.117504358291626
"620",50,10,0.01,0.111131906509399
"621",50,100,0.01,0.738935708999634
"622",50,100,0.01,0.743973970413208
"623",50,100,0.01,0.755174875259399
"624",50,100,0.01,0.745734453201294
"625",50,100,0.01,0.744107484817505
"626",50,100,0.01,0.745847702026367
"627",50,100,0.01,0.751556873321533
"628",50,100,0.01,0.736857414245605
"629",50,100,0.01,0.740772008895874
"630",50,100,0.01,0.740059614181519
"631",50,1000,0.01,7.21261596679688
"632",50,1000,0.01,7.02060413360596
"633",50,1000,0.01,7.31748700141907
"634",50,1000,0.01,7.04381060600281
"635",50,1000,0.01,7.08108830451965
"636",50,1000,0.01,7.06016230583191
"637",50,1000,0.01,6.93746185302734
"638",50,1000,0.01,7.10048627853394
"639",50,1000,0.01,6.91122126579285
"640",50,1000,0.01,6.984126329422
"641",50,1,0.05,0.0400419235229492
"642",50,1,0.05,0.0398533344268799
"643",50,1,0.05,0.0416858196258545
"644",50,1,0.05,0.0410041809082031
"645",50,1,0.05,0.0476968288421631
"646",50,1,0.05,0.039832592010498
"647",50,1,0.05,0.0397696495056152
"648",50,1,0.05,0.0397922992706299
"649",50,1,0.05,0.0404303073883057
"650",50,1,0.05,0.0398378372192383
"651",50,10,0.05,0.245221614837646
"652",50,10,0.05,0.247372388839722
"653",50,10,0.05,0.240941286087036
"654",50,10,0.05,0.244935512542725
"655",50,10,0.05,0.241843461990356
"656",50,10,0.05,0.245596408843994
"657",50,10,0.05,0.243430852890015
"658",50,10,0.05,0.244390249252319
"659",50,10,0.05,0.245205640792847
"660",50,10,0.05,0.246647357940674
"661",50,100,0.05,1.89342069625854
"662",50,100,0.05,1.89555549621582
"663",50,100,0.05,1.90695905685425
"664",50,100,0.05,1.88934659957886
"665",50,100,0.05,1.94047737121582
"666",50,100,0.05,1.94397759437561
"667",50,100,0.05,1.91823291778564
"668",50,100,0.05,1.90445232391357
"669",50,100,0.05,1.91382455825806
"670",50,100,0.05,1.9192898273468
"671",50,1000,0.05,17.7465295791626
"672",50,1000,0.05,18.0315401554108
"673",50,1000,0.05,18.0556495189667
"674",50,1000,0.05,17.8498642444611
"675",50,1000,0.05,17.8450770378113
"676",50,1000,0.05,17.8940472602844
"677",50,1000,0.05,18.1649158000946
"678",50,1000,0.05,17.7858881950378
"679",50,1000,0.05,18.1648223400116
"680",50,1000,0.05,17.851847410202
"681",50,1,0.1,0.0408744812011719
"682",50,1,0.1,0.0405459403991699
"683",50,1,0.1,0.0421171188354492
"684",50,1,0.1,0.0420565605163574
"685",50,1,0.1,0.049990177154541
"686",50,1,0.1,0.0401220321655273
"687",50,1,0.1,0.0405328273773193
"688",50,1,0.1,0.0406529903411865
"689",50,1,0.1,0.0410449504852295
"690",50,1,0.1,0.0402071475982666
"691",50,10,0.1,1.67674827575684
"692",50,10,0.1,1.4565052986145
"693",50,10,0.1,1.39641690254211
"694",50,10,0.1,1.40385031700134
"695",50,10,0.1,1.43743753433228
"696",50,10,0.1,1.46942281723022
"697",50,10,0.1,1.45142984390259
"698",50,10,0.1,1.43088269233704
"699",50,10,0.1,1.47127461433411
"700",50,10,0.1,1.4649920463562
"701",50,100,0.1,12.9238140583038
"702",50,100,0.1,13.1343820095062
"703",50,100,0.1,12.828328371048
"704",50,100,0.1,12.7975878715515
"705",50,100,0.1,12.9886834621429
"706",50,100,0.1,12.8137049674988
"707",50,100,0.1,12.7402663230896
"708",50,100,0.1,13.1580789089203
"709",50,100,0.1,12.6779642105103
"710",50,100,0.1,12.6993911266327
"711",50,1000,0.1,124.832390785217
"712",50,1000,0.1,122.019371271133
"713",50,1000,0.1,122.491147041321
"714",50,1000,0.1,121.88276219368
"715",50,1000,0.1,121.755035400391
"716",50,1000,0.1,122.078731298447
"717",50,1000,0.1,121.698361635208
"718",50,1000,0.1,122.151300191879
"719",50,1000,0.1,121.529624700546
"720",50,1000,0.1,121.647334814072
"721",25,1,0.01,0.0108296871185303
"722",25,1,0.01,0.0123136043548584
"723",25,1,0.01,0.0105390548706055
"724",25,1,0.01,0.0105326175689697
"725",25,1,0.01,0.0104410648345947
"726",25,1,0.01,0.0105023384094238
"727",25,1,0.01,0.0104570388793945
"728",25,1,0.01,0.0104598999023438
"729",25,1,0.01,0.0104684829711914
"730",25,1,0.01,0.0106339454650879
"731",25,10,0.01,0.028958797454834
"732",25,10,0.01,0.0288424491882324
"733",25,10,0.01,0.029820442199707
"734",25,10,0.01,0.0306363105773926
"735",25,10,0.01,0.0304546356201172
"736",25,10,0.01,0.0367641448974609
"737",25,10,0.01,0.0299487113952637
"738",25,10,0.01,0.0288891792297363
"739",25,10,0.01,0.0290801525115967
"740",25,10,0.01,0.0289406776428223
"741",25,100,0.01,0.185490131378174
"742",25,100,0.01,0.182374238967896
"743",25,100,0.01,0.174260139465332
"744",25,100,0.01,0.179052829742432
"745",25,100,0.01,0.182898998260498
"746",25,100,0.01,0.1869957447052
"747",25,100,0.01,0.184187412261963
"748",25,100,0.01,0.180059909820557
"749",25,100,0.01,0.180500984191895
"750",25,100,0.01,0.185269355773926
"751",25,1000,0.01,1.65513944625854
"752",25,1000,0.01,1.66761708259583
"753",25,1000,0.01,1.63128113746643
"754",25,1000,0.01,1.66690349578857
"755",25,1000,0.01,1.64891457557678
"756",25,1000,0.01,1.66323757171631
"757",25,1000,0.01,1.68478608131409
"758",25,1000,0.01,1.67661428451538
"759",25,1000,0.01,1.90080952644348
"760",25,1000,0.01,1.67523384094238
"761",25,1,0.05,0.0104610919952393
"762",25,1,0.05,0.0106794834136963
"763",25,1,0.05,0.0103859901428223
"764",25,1,0.05,0.0104761123657227
"765",25,1,0.05,0.0106003284454346
"766",25,1,0.05,0.0103917121887207
"767",25,1,0.05,0.0104010105133057
"768",25,1,0.05,0.0105869770050049
"769",25,1,0.05,0.0104188919067383
"770",25,1,0.05,0.0105564594268799
"771",25,10,0.05,0.0624113082885742
"772",25,10,0.05,0.0615615844726562
"773",25,10,0.05,0.0633320808410645
"774",25,10,0.05,0.0750217437744141
"775",25,10,0.05,0.0648360252380371
"776",25,10,0.05,0.0643422603607178
"777",25,10,0.05,0.0626821517944336
"778",25,10,0.05,0.0659720897674561
"779",25,10,0.05,0.0711300373077393
"780",25,10,0.05,0.0627579689025879
"781",25,100,0.05,0.496622800827026
"782",25,100,0.05,0.487568140029907
"783",25,100,0.05,0.491476774215698
"784",25,100,0.05,0.48783540725708
"785",25,100,0.05,0.492490530014038
"786",25,100,0.05,0.498655319213867
"787",25,100,0.05,0.498902082443237
"788",25,100,0.05,0.478272438049316
"789",25,100,0.05,0.491082906723022
"790",25,100,0.05,0.517797946929932
"791",25,1000,0.05,4.68506360054016
"792",25,1000,0.05,4.43540811538696
"793",25,1000,0.05,4.52140355110168
"794",25,1000,0.05,4.4712872505188
"795",25,1000,0.05,4.48143196105957
"796",25,1000,0.05,4.51326441764832
"797",25,1000,0.05,4.48620343208313
"798",25,1000,0.05,4.65640139579773
"799",25,1000,0.05,4.48609972000122
"800",25,1000,0.05,4.47248983383179
"801",25,1,0.1,0.0105676651000977
"802",25,1,0.1,0.0104336738586426
"803",25,1,0.1,0.0104315280914307
"804",25,1,0.1,0.0105199813842773
"805",25,1,0.1,0.0103256702423096
"806",25,1,0.1,0.012176513671875
"807",25,1,0.1,0.0104079246520996
"808",25,1,0.1,0.0102648735046387
"809",25,1,0.1,0.0102226734161377
"810",25,1,0.1,0.0101666450500488
"811",25,10,0.1,0.1290283203125
"812",25,10,0.1,0.129698991775513
"813",25,10,0.1,0.140869379043579
"814",25,10,0.1,0.123792409896851
"815",25,10,0.1,0.367298603057861
"816",25,10,0.1,0.125718593597412
"817",25,10,0.1,0.172950506210327
"818",25,10,0.1,0.163741111755371
"819",25,10,0.1,0.18196177482605
"820",25,10,0.1,0.159682273864746
"821",25,100,0.1,0.980554580688477
"822",25,100,0.1,0.995258092880249
"823",25,100,0.1,0.980518579483032
"824",25,100,0.1,1.02275586128235
"825",25,100,0.1,1.00451231002808
"826",25,100,0.1,1.00797486305237
"827",25,100,0.1,0.982426643371582
"828",25,100,0.1,1.0037784576416
"829",25,100,0.1,1.03081464767456
"830",25,100,0.1,1.02086615562439
"831",25,1000,0.1,9.79614734649658
"832",25,1000,0.1,9.90520071983337
"833",25,1000,0.1,9.88989591598511
"834",25,1000,0.1,9.81861090660095
"835",25,1000,0.1,9.96733403205872
"836",25,1000,0.1,9.68776941299438
"837",25,1000,0.1,9.87853217124939
"838",25,1000,0.1,9.76338958740234
"839",25,1000,0.1,9.89879131317139
"840",25,1000,0.1,9.83102130889893
"841",10,1,0.01,0.00247478485107422
"842",10,1,0.01,0.00223040580749512
"843",10,1,0.01,0.0023348331451416
"844",10,1,0.01,0.00219845771789551
"845",10,1,0.01,0.00226545333862305
"846",10,1,0.01,0.00229263305664062
"847",10,1,0.01,0.00231027603149414
"848",10,1,0.01,0.00217747688293457
"849",10,1,0.01,0.00227737426757812
"850",10,1,0.01,0.00228476524353027
"851",10,10,0.01,0.00817060470581055
"852",10,10,0.01,0.00785994529724121
"853",10,10,0.01,0.00726127624511719
"854",10,10,0.01,0.00755667686462402
"855",10,10,0.01,0.00777387619018555
"856",10,10,0.01,0.00724363327026367
"857",10,10,0.01,0.00720739364624023
"858",10,10,0.01,0.00713992118835449
"859",10,10,0.01,0.00705528259277344
"860",10,10,0.01,0.00703167915344238
"861",10,100,0.01,0.0277347564697266
"862",10,100,0.01,0.0280275344848633
"863",10,100,0.01,0.0279550552368164
"864",10,100,0.01,0.0289130210876465
"865",10,100,0.01,0.0293686389923096
"866",10,100,0.01,0.0292701721191406
"867",10,100,0.01,0.0355904102325439
"868",10,100,0.01,0.0278940200805664
"869",10,100,0.01,0.0278735160827637
"870",10,100,0.01,0.0282034873962402
"871",10,1000,0.01,0.245285511016846
"872",10,1000,0.01,0.243659019470215
"873",10,1000,0.01,0.243392705917358
"874",10,1000,0.01,0.24305534362793
"875",10,1000,0.01,0.244366884231567
"876",10,1000,0.01,0.245205163955688
"877",10,1000,0.01,0.241707324981689
"878",10,1000,0.01,0.242052793502808
"879",10,1000,0.01,0.242411136627197
"880",10,1000,0.01,0.241856336593628
"881",10,1,0.05,0.00247859954833984
"882",10,1,0.05,0.00228548049926758
"883",10,1,0.05,0.00231289863586426
"884",10,1,0.05,0.00226044654846191
"885",10,1,0.05,0.00226998329162598
"886",10,1,0.05,0.00218844413757324
"887",10,1,0.05,0.00221753120422363
"888",10,1,0.05,0.00238585472106934
"889",10,1,0.05,0.00218915939331055
"890",10,1,0.05,0.00217747688293457
"891",10,10,0.05,0.00738739967346191
"892",10,10,0.05,0.00704693794250488
"893",10,10,0.05,0.00723075866699219
"894",10,10,0.05,0.00700950622558594
"895",10,10,0.05,0.00693154335021973
"896",10,10,0.05,0.00707268714904785
"897",10,10,0.05,0.00698351860046387
"898",10,10,0.05,0.00705814361572266
"899",10,10,0.05,0.00698566436767578
"900",10,10,0.05,0.00701069831848145
"901",10,100,0.05,0.0277044773101807
"902",10,100,0.05,0.0278429985046387
"903",10,100,0.05,0.0279617309570312
"904",10,100,0.05,0.0278661251068115
"905",10,100,0.05,0.028256893157959
"906",10,100,0.05,0.0302369594573975
"907",10,100,0.05,0.0291440486907959
"908",10,100,0.05,0.0289342403411865
"909",10,100,0.05,0.0341360569000244
"910",10,100,0.05,0.0276422500610352
"911",10,1000,0.05,0.253952026367188
"912",10,1000,0.05,0.243765830993652
"913",10,1000,0.05,0.244543552398682
"914",10,1000,0.05,0.241578340530396
"915",10,1000,0.05,0.241896867752075
"916",10,1000,0.05,0.245381116867065
"917",10,1000,0.05,0.46284008026123
"918",10,1000,0.05,0.242624044418335
"919",10,1000,0.05,0.240408897399902
"920",10,1000,0.05,0.241547107696533
"921",10,1,0.1,0.00243639945983887
"922",10,1,0.1,0.00219154357910156
"923",10,1,0.1,0.0021977424621582
"924",10,1,0.1,0.00222158432006836
"925",10,1,0.1,0.00224685668945312
"926",10,1,0.1,0.00219559669494629
"927",10,1,0.1,0.00217986106872559
"928",10,1,0.1,0.00224590301513672
"929",10,1,0.1,0.00218057632446289
"930",10,1,0.1,0.00216126441955566
"931",10,10,0.1,0.00777482986450195
"932",10,10,0.1,0.00743293762207031
"933",10,10,0.1,0.00738430023193359
"934",10,10,0.1,0.00742578506469727
"935",10,10,0.1,0.00743317604064941
"936",10,10,0.1,0.00744533538818359
"937",10,10,0.1,0.00739502906799316
"938",10,10,0.1,0.00745224952697754
"939",10,10,0.1,0.00759601593017578
"940",10,10,0.1,0.00755691528320312
"941",10,100,0.1,0.0303463935852051
"942",10,100,0.1,0.0303347110748291
"943",10,100,0.1,0.0304129123687744
"944",10,100,0.1,0.0309178829193115
"945",10,100,0.1,0.0319356918334961
"946",10,100,0.1,0.0330171585083008
"947",10,100,0.1,0.0386338233947754
"948",10,100,0.1,0.0311634540557861
"949",10,100,0.1,0.0309498310089111
"950",10,100,0.1,0.0308277606964111
"951",10,1000,0.1,0.266918420791626
"952",10,1000,0.1,0.265892505645752
"953",10,1000,0.1,0.266309261322021
"954",10,1000,0.1,0.266746044158936
"955",10,1000,0.1,0.267980337142944
"956",10,1000,0.1,0.267573118209839
"957",10,1000,0.1,0.273186922073364
"958",10,1000,0.1,0.267959833145142
"959",10,1000,0.1,0.270560741424561
"960",10,1000,0.1,0.264896631240845
