"","p","m","n","mean_lambda","df_correction_method","mean_df","recall","precision","hamming_distance","shd"
"1",33,1,3000,NA,NA,NA,0.955555555555556,0.895833333333333,14,16
"2",33,10,3000,0.0599315171449087,"old",4394.87123328506,0.955555555555556,0.955555555555556,8,10
"3",33,10,3000,0.0599315171449087,"br",1424.27185023173,0.955555555555556,0.955555555555556,8,10
"4",33,10,3000,0.0599315171449087,"reiter",823.404113093269,0.955555555555556,0.955555555555556,8,10
"5",33,100,3000,0.0538287147591862,"old",38100.3036190415,0.966666666666667,0.956043956043956,7,9
"6",33,100,3000,0.0538287147591862,"br",2610.50806504515,0.966666666666667,0.956043956043956,7,9
"7",33,100,3000,0.0538287147591862,"reiter",2726.25016163006,0.966666666666667,0.956043956043956,7,9
"8",33,1000,3000,0.0539607984253591,"old",356830.904479519,0.966666666666667,0.956043956043956,7,9
"9",33,1000,3000,0.0539607984253591,"br",2806.63666702049,0.966666666666667,0.956043956043956,7,9
"10",33,1000,3000,0.0539607984253591,"reiter",2964.75531211313,0.966666666666667,0.956043956043956,7,9
"11",33,1,3000,NA,NA,NA,0.956043956043956,0.925531914893617,11,11
"12",33,10,3000,0.0612476740496502,"old",5717.99090437871,0.967032967032967,0.977777777777778,5,5
"13",33,10,3000,0.0612476740496502,"br",1436.11301105205,0.967032967032967,0.977777777777778,5,5
"14",33,10,3000,0.0612476740496502,"reiter",858.395115304954,0.967032967032967,0.977777777777778,5,5
"15",33,100,3000,0.0552665122762721,"old",35793.2952580746,0.978021978021978,0.988888888888889,3,3
"16",33,100,3000,0.0552665122762721,"br",2597.02844046035,0.978021978021978,0.988888888888889,3,3
"17",33,100,3000,0.0552665122762721,"reiter",2714.66663535875,0.978021978021978,0.988888888888889,3,3
"18",33,1000,3000,0.0532740830475221,"old",368955.695501776,0.978021978021978,0.988888888888889,3,3
"19",33,1000,3000,0.0532740830475221,"br",2809.81914971124,0.978021978021978,0.988888888888889,3,3
"20",33,1000,3000,0.0532740830475221,"reiter",2966.02286711016,0.978021978021978,0.988888888888889,3,3
"21",33,1,3000,NA,NA,NA,0.945652173913043,0.966666666666667,8,9
"22",33,10,3000,0.0571414950430696,"old",5514.88769918852,0.967391304347826,0.988888888888889,4,4
"23",33,10,3000,0.0571414950430696,"br",1534.39424602907,0.967391304347826,0.988888888888889,4,4
"24",33,10,3000,0.0571414950430696,"reiter",950.870807133881,0.967391304347826,0.988888888888889,4,4
"25",33,100,3000,0.0531675480267688,"old",37926.9059905277,0.967391304347826,0.967391304347826,6,6
"26",33,100,3000,0.0531675480267688,"br",2618.7203889699,0.967391304347826,0.967391304347826,6,6
"27",33,100,3000,0.0531675480267688,"reiter",2734.36519611382,0.967391304347826,0.967391304347826,6,6
"28",33,1000,3000,0.0534197308698966,"old",363143.448577277,0.978260869565217,0.967741935483871,5,5
"29",33,1000,3000,0.0534197308698966,"br",2809.03569399414,0.978260869565217,0.967741935483871,5,5
"30",33,1000,3000,0.0534197308698966,"reiter",2965.66201278503,0.978260869565217,0.967741935483871,5,5
"31",33,1,3000,NA,NA,NA,0.956043956043956,0.925531914893617,11,14
"32",33,10,3000,0.0528457425525922,"old",7994.67921566333,0.945054945054945,0.966292134831461,8,11
"33",33,10,3000,0.0528457425525922,"br",1642.01388390318,0.945054945054945,0.966292134831461,8,11
"34",33,10,3000,0.0528457425525922,"reiter",1060.92122849233,0.945054945054945,0.966292134831461,8,11
"35",33,100,3000,0.0527553599884867,"old",39764.1848101603,0.945054945054945,0.977272727272727,7,10
"36",33,100,3000,0.0527553599884867,"br",2621.81086798466,0.945054945054945,0.977272727272727,7,10
"37",33,100,3000,0.0527553599884867,"reiter",2736.4092537778,0.945054945054945,0.977272727272727,7,10
"38",33,1000,3000,0.0527680814737878,"old",370703.581445289,0.956043956043956,0.966666666666667,7,9
"39",33,1000,3000,0.0527680814737878,"br",2811.84437401137,0.956043956043956,0.966666666666667,7,9
"40",33,1000,3000,0.0527680814737878,"reiter",2966.64826790133,0.956043956043956,0.966666666666667,7,9
"41",33,1,3000,NA,NA,NA,0.955555555555556,0.934782608695652,10,11
"42",33,10,3000,0.0471690056824129,"old",7747.66338986681,0.966666666666667,0.966666666666667,6,8
"43",33,10,3000,0.0471690056824129,"br",1741.37318302486,0.966666666666667,0.966666666666667,6,8
"44",33,10,3000,0.0471690056824129,"reiter",1120.68948835517,0.966666666666667,0.966666666666667,6,8
"45",33,100,3000,0.056744321591017,"old",32434.8955126591,0.966666666666667,0.966666666666667,6,6
"46",33,100,3000,0.056744321591017,"br",2582.12935986057,0.966666666666667,0.966666666666667,6,6
"47",33,100,3000,0.056744321591017,"reiter",2701.98352589597,0.966666666666667,0.966666666666667,6,6
"48",33,1000,3000,0.0514453376643499,"old",387696.424007893,0.966666666666667,0.966666666666667,6,6
"49",33,1000,3000,0.0514453376643499,"br",2815.42471987825,0.966666666666667,0.966666666666667,6,6
"50",33,1000,3000,0.0514453376643499,"reiter",2966.40838342639,0.966666666666667,0.966666666666667,6,6
"51",33,1,3000,NA,NA,NA,0.956989247311828,0.936842105263158,10,12
"52",33,10,3000,0.0604698768858344,"old",7458.27519208647,0.946236559139785,0.946236559139785,10,12
"53",33,10,3000,0.0604698768858344,"br",1432.40828857208,0.946236559139785,0.946236559139785,10,12
"54",33,10,3000,0.0604698768858344,"reiter",845.771211341353,0.946236559139785,0.946236559139785,10,12
"55",33,100,3000,0.0545115573980627,"old",35943.2210850275,0.946236559139785,0.956521739130435,9,11
"56",33,100,3000,0.0545115573980627,"br",2606.05259017881,0.946236559139785,0.956521739130435,9,11
"57",33,100,3000,0.0545115573980627,"reiter",2723.18876394055,0.946236559139785,0.956521739130435,9,11
"58",33,1000,3000,0.0548240965812595,"old",354231.523956505,0.946236559139785,0.956521739130435,9,11
"59",33,1000,3000,0.0548240965812595,"br",2804.84746881075,0.946236559139785,0.956521739130435,9,11
"60",33,1000,3000,0.0548240965812595,"reiter",2965.42807499868,0.946236559139785,0.956521739130435,9,11
"61",33,1,3000,NA,NA,NA,0.955056179775281,0.934065934065934,10,12
"62",33,10,3000,0.0643727404017388,"old",12782.3095019643,0.966292134831461,0.955555555555556,7,7
"63",33,10,3000,0.0643727404017388,"br",1432.81194092758,0.966292134831461,0.955555555555556,7,7
"64",33,10,3000,0.0643727404017388,"reiter",923.957909749926,0.966292134831461,0.955555555555556,7,7
"65",33,100,3000,0.0578230238057162,"old",33844.9924251253,0.966292134831461,0.945054945054945,8,8
"66",33,100,3000,0.0578230238057162,"br",2569.69065569651,0.966292134831461,0.945054945054945,8,8
"67",33,100,3000,0.0578230238057162,"reiter",2689.18769855596,0.966292134831461,0.945054945054945,8,8
"68",33,1000,3000,0.0564675899656939,"old",349253.534825151,0.966292134831461,0.945054945054945,8,8
"69",33,1000,3000,0.0564675899656939,"br",2796.94358589729,0.966292134831461,0.945054945054945,8,8
"70",33,1000,3000,0.0564675899656939,"reiter",2961.95333877422,0.966292134831461,0.945054945054945,8,8
"71",33,1,3000,NA,NA,NA,0.932584269662921,0.912087912087912,14,14
"72",33,10,3000,0.0649680281685295,"old",3625.5937261067,0.955056179775281,0.977011494252874,6,7
"73",33,10,3000,0.0649680281685295,"br",1364.85896721746,0.955056179775281,0.977011494252874,6,7
"74",33,10,3000,0.0649680281685295,"reiter",774.1229384179,0.955056179775281,0.977011494252874,6,7
"75",33,100,3000,0.0560232282176263,"old",36013.2156730583,0.955056179775281,0.944444444444444,9,10
"76",33,100,3000,0.0560232282176263,"br",2588.06166957972,0.955056179775281,0.944444444444444,9,10
"77",33,100,3000,0.0560232282176263,"reiter",2705.93898474345,0.955056179775281,0.944444444444444,9,10
"78",33,1000,3000,0.0553102228551115,"old",349693.866279298,0.955056179775281,0.944444444444444,9,10
"79",33,1000,3000,0.0553102228551115,"br",2801.49978502826,0.955056179775281,0.944444444444444,9,10
"80",33,1000,3000,0.0553102228551115,"reiter",2963.37395209315,0.955056179775281,0.944444444444444,9,10
"81",33,1,3000,NA,NA,NA,0.953488372093023,0.921348314606742,11,12
"82",33,10,3000,0.0759238003912996,"old",2546.49140658571,0.953488372093023,0.964705882352941,7,7
"83",33,10,3000,0.0759238003912996,"br",1148.57866051726,0.953488372093023,0.964705882352941,7,7
"84",33,10,3000,0.0759238003912996,"reiter",608.808025911387,0.953488372093023,0.964705882352941,7,7
"85",33,100,3000,0.054619460324834,"old",37760.8712165914,0.953488372093023,0.964705882352941,7,8
"86",33,100,3000,0.054619460324834,"br",2603.44520521859,0.953488372093023,0.964705882352941,7,8
"87",33,100,3000,0.054619460324834,"reiter",2720.05172731041,0.953488372093023,0.964705882352941,7,8
"88",33,1000,3000,0.0541649190277802,"old",351852.146062077,0.953488372093023,0.953488372093023,8,10
"89",33,1000,3000,0.0541649190277802,"br",2807.31267306674,0.953488372093023,0.953488372093023,8,10
"90",33,1000,3000,0.0541649190277802,"reiter",2966.11227775468,0.953488372093023,0.953488372093023,8,10
"91",33,1,3000,NA,NA,NA,0.987341772151899,0.886363636363636,11,14
"92",33,10,3000,0.0460931323207952,"old",5266.19590642757,1,0.918604651162791,7,10
"93",33,10,3000,0.0460931323207952,"br",1741.83663349636,1,0.918604651162791,7,10
"94",33,10,3000,0.0460931323207952,"reiter",1058.46144472367,1,0.918604651162791,7,10
"95",33,100,3000,0.0513631336642119,"old",42877.0073534165,0.987341772151899,0.917647058823529,8,11
"96",33,100,3000,0.0513631336642119,"br",2634.82251947297,0.987341772151899,0.917647058823529,8,11
"97",33,100,3000,0.0513631336642119,"reiter",2747.13453127431,0.987341772151899,0.917647058823529,8,11
"98",33,1000,3000,0.0508569335563443,"old",408583.854668634,0.987341772151899,0.928571428571429,7,10
"99",33,1000,3000,0.0508569335563443,"br",2819.21733117249,0.987341772151899,0.928571428571429,7,10
"100",33,1000,3000,0.0508569335563443,"reiter",2968.56196065399,0.987341772151899,0.928571428571429,7,10
"101",33,1,3000,NA,NA,NA,0.972972972972973,0.878048780487805,12,12
"102",33,10,3000,0.0530957323027209,"old",14594.1441060057,0.986486486486487,0.986486486486487,2,2
"103",33,10,3000,0.0530957323027209,"br",1619.63690524303,0.986486486486487,0.986486486486487,2,2
"104",33,10,3000,0.0530957323027209,"reiter",1074.92741944165,0.986486486486487,0.986486486486487,2,2
"105",33,100,3000,0.0551635718397522,"old",34596.1989603298,0.986486486486487,0.973333333333333,3,3
"106",33,100,3000,0.0551635718397522,"br",2599.16919246803,0.986486486486487,0.973333333333333,3,3
"107",33,100,3000,0.0551635718397522,"reiter",2717.36344782285,0.986486486486487,0.973333333333333,3,3
"108",33,1000,3000,0.0532401566592241,"old",363323.918658777,0.986486486486487,0.973333333333333,3,3
"109",33,1000,3000,0.0532401566592241,"br",2810.05184914262,0.986486486486487,0.973333333333333,3,3
"110",33,1000,3000,0.0532401566592241,"reiter",2966.19938203096,0.986486486486487,0.973333333333333,3,3
"111",33,1,3000,NA,NA,NA,0.926829268292683,0.863636363636364,18,22
"112",33,10,3000,0.0492643677457896,"old",5602.2288019339,0.963414634146341,0.94047619047619,8,10
"113",33,10,3000,0.0492643677457896,"br",1671.92933082984,0.963414634146341,0.94047619047619,8,10
"114",33,10,3000,0.0492643677457896,"reiter",1028.07609658051,0.963414634146341,0.94047619047619,8,10
"115",33,100,3000,0.0536328266910631,"old",39903.7605117807,0.939024390243902,0.939024390243902,10,15
"116",33,100,3000,0.0536328266910631,"br",2612.13378001934,0.939024390243902,0.939024390243902,10,15
"117",33,100,3000,0.0536328266910631,"reiter",2727.1225578115,0.939024390243902,0.939024390243902,10,15
"118",33,1000,3000,0.0540414522901224,"old",381244.827464555,0.939024390243902,0.939024390243902,10,15
"119",33,1000,3000,0.0540414522901224,"br",2806.95384760236,0.939024390243902,0.939024390243902,10,15
"120",33,1000,3000,0.0540414522901224,"reiter",2965.23216786035,0.939024390243902,0.939024390243902,10,15
"121",33,1,3000,NA,NA,NA,0.948717948717949,0.936708860759494,9,11
"122",33,10,3000,0.060402222762568,"old",3668.55908431197,0.948717948717949,0.936708860759494,9,12
"123",33,10,3000,0.060402222762568,"br",1409.83601762264,0.948717948717949,0.936708860759494,9,12
"124",33,10,3000,0.060402222762568,"reiter",788.194364909111,0.948717948717949,0.936708860759494,9,12
"125",33,100,3000,0.050235294056875,"old",46659.3723702858,0.948717948717949,0.961038961038961,7,9
"126",33,100,3000,0.050235294056875,"br",2643.4128092838,0.948717948717949,0.961038961038961,7,9
"127",33,100,3000,0.050235294056875,"reiter",2753.5786212415,0.948717948717949,0.961038961038961,7,9
"128",33,1000,3000,0.0532237982902614,"old",392748.983388405,0.948717948717949,0.948717948717949,8,11
"129",33,1000,3000,0.0532237982902614,"br",2808.84699361802,0.948717948717949,0.948717948717949,8,11
"130",33,1000,3000,0.0532237982902614,"reiter",2964.69495812542,0.948717948717949,0.948717948717949,8,11
"131",33,1,3000,NA,NA,NA,0.956989247311828,0.927083333333333,11,11
"132",33,10,3000,0.0590959971726381,"old",3903.54361333726,0.978494623655914,0.947916666666667,7,8
"133",33,10,3000,0.0590959971726381,"br",1454.86256926402,0.978494623655914,0.947916666666667,7,8
"134",33,10,3000,0.0590959971726381,"reiter",832.038619710511,0.978494623655914,0.947916666666667,7,8
"135",33,100,3000,0.0541680290265186,"old",36731.0039211527,0.967741935483871,0.957446808510638,7,7
"136",33,100,3000,0.0541680290265186,"br",2608.80804382318,0.967741935483871,0.957446808510638,7,7
"137",33,100,3000,0.0541680290265186,"reiter",2725.53460199174,0.967741935483871,0.957446808510638,7,7
"138",33,1000,3000,0.0560742011309173,"old",341257.952370287,0.967741935483871,0.957446808510638,7,7
"139",33,1000,3000,0.0560742011309173,"br",2799.4311774238,0.967741935483871,0.957446808510638,7,7
"140",33,1000,3000,0.0560742011309173,"reiter",2963.50281468021,0.967741935483871,0.957446808510638,7,7
"141",33,1,3000,NA,NA,NA,0.977011494252874,0.934065934065934,8,8
"142",33,10,3000,0.0547300314463594,"old",6911.71771067054,0.931034482758621,0.964285714285714,9,9
"143",33,10,3000,0.0547300314463594,"br",1570.47465833925,0.931034482758621,0.964285714285714,9,9
"144",33,10,3000,0.0547300314463594,"reiter",987.054250700902,0.931034482758621,0.964285714285714,9,9
"145",33,100,3000,0.0542764212340231,"old",38533.9802362348,0.942528735632184,0.987951807228916,6,6
"146",33,100,3000,0.0542764212340231,"br",2606.10733791401,0.942528735632184,0.987951807228916,6,6
"147",33,100,3000,0.0542764212340231,"reiter",2721.8313813841,0.942528735632184,0.987951807228916,6,6
"148",33,1000,3000,0.0556203675060723,"old",345625.769765874,0.942528735632184,0.987951807228916,6,6
"149",33,1000,3000,0.0556203675060723,"br",2801.26828241413,0.942528735632184,0.987951807228916,6,6
"150",33,1000,3000,0.0556203675060723,"reiter",2964.04143338131,0.942528735632184,0.987951807228916,6,6
"151",33,1,3000,NA,NA,NA,0.976190476190476,0.931818181818182,8,13
"152",33,10,3000,0.0569695108191671,"old",6363.64719112105,0.964285714285714,0.952941176470588,7,12
"153",33,10,3000,0.0569695108191671,"br",1512.64226082417,0.964285714285714,0.952941176470588,7,12
"154",33,10,3000,0.0569695108191671,"reiter",912.345230138326,0.964285714285714,0.952941176470588,7,12
"155",33,100,3000,0.0568433163074117,"old",34437.3108360833,0.952380952380952,0.930232558139535,10,14
"156",33,100,3000,0.0568433163074117,"br",2580.90381713141,0.952380952380952,0.930232558139535,10,14
"157",33,100,3000,0.0568433163074117,"reiter",2699.7451506623,0.952380952380952,0.930232558139535,10,14
"158",33,1000,3000,0.0560981458923272,"old",330389.282993214,0.952380952380952,0.952380952380952,8,12
"159",33,1000,3000,0.0560981458923272,"br",2799.64444414224,0.952380952380952,0.952380952380952,8,12
"160",33,1000,3000,0.0560981458923272,"reiter",2963.86154371895,0.952380952380952,0.952380952380952,8,12
"161",33,1,3000,NA,NA,NA,0.989247311827957,0.92,9,10
"162",33,10,3000,0.05412952115495,"old",7676.0246319939,0.978494623655914,0.968085106382979,5,5
"163",33,10,3000,0.05412952115495,"br",1584.80201180242,0.978494623655914,0.968085106382979,5,5
"164",33,10,3000,0.05412952115495,"reiter",984.536823437071,0.978494623655914,0.968085106382979,5,5
"165",33,100,3000,0.0516850625591278,"old",45057.0195455021,0.978494623655914,0.957894736842105,6,6
"166",33,100,3000,0.0516850625591278,"br",2629.72417188488,0.978494623655914,0.957894736842105,6,6
"167",33,100,3000,0.0516850625591278,"reiter",2742.23208935029,0.978494623655914,0.957894736842105,6,6
"168",33,1000,3000,0.0504456095591995,"old",411820.099289674,0.989247311827957,0.978723404255319,3,3
"169",33,1000,3000,0.0504456095591995,"br",2819.31951047189,0.989247311827957,0.978723404255319,3,3
"170",33,1000,3000,0.0504456095591995,"reiter",2967.42677186056,0.989247311827957,0.978723404255319,3,3
"171",33,1,3000,NA,NA,NA,0.962962962962963,0.939759036144578,8,9
"172",33,10,3000,0.0632514059804308,"old",5061.21331676446,0.925925925925926,0.986842105263158,7,8
"173",33,10,3000,0.0632514059804308,"br",1400.33795913187,0.925925925925926,0.986842105263158,7,8
"174",33,10,3000,0.0632514059804308,"reiter",837.152953087922,0.925925925925926,0.986842105263158,7,8
"175",33,100,3000,0.0559617421093005,"old",33442.8215739755,0.925925925925926,0.974025974025974,8,9
"176",33,100,3000,0.0559617421093005,"br",2591.57043562922,0.925925925925926,0.974025974025974,8,9
"177",33,100,3000,0.0559617421093005,"reiter",2710.56971561437,0.925925925925926,0.974025974025974,8,9
"178",33,1000,3000,0.0543737068968658,"old",351501.098095665,0.925925925925926,0.974025974025974,8,9
"179",33,1000,3000,0.0543737068968658,"br",2806.20572291941,0.925925925925926,0.974025974025974,8,9
"180",33,1000,3000,0.0543737068968658,"reiter",2965.55062134401,0.925925925925926,0.974025974025974,8,9
"181",33,1,3000,NA,NA,NA,0.979591836734694,0.95049504950495,7,9
"182",33,10,3000,0.0672084073784524,"old",4011.95329449731,0.979591836734694,1,2,3
"183",33,10,3000,0.0672084073784524,"br",1302.49425434926,0.979591836734694,1,2,3
"184",33,10,3000,0.0672084073784524,"reiter",746.673215929851,0.979591836734694,1,2,3
"185",33,100,3000,0.0544153241020516,"old",36381.0663821521,0.979591836734694,0.989690721649485,3,4
"186",33,100,3000,0.0544153241020516,"br",2605.88314261852,0.979591836734694,0.989690721649485,3,4
"187",33,100,3000,0.0544153241020516,"reiter",2722.70120900012,0.979591836734694,0.989690721649485,3,4
"188",33,1000,3000,0.0557371048043771,"old",341434.97804539,0.979591836734694,0.989690721649485,3,4
"189",33,1000,3000,0.0557371048043771,"br",2800.36051258549,0.979591836734694,0.989690721649485,3,4
"190",33,1000,3000,0.0557371048043771,"reiter",2963.45830489782,0.979591836734694,0.989690721649485,3,4
"191",33,1,3000,NA,NA,NA,1,0.946808510638298,5,6
"192",33,10,3000,0.050678058697115,"old",6363.75343045442,1,0.936842105263158,6,9
"193",33,10,3000,0.050678058697115,"br",1644.83327361804,1,0.936842105263158,6,9
"194",33,10,3000,0.050678058697115,"reiter",1015.1928527582,1,0.936842105263158,6,9
"195",33,100,3000,0.0546351950369224,"old",35829.4410623296,1,0.956989247311828,4,5
"196",33,100,3000,0.0546351950369224,"br",2603.39101612851,1,0.956989247311828,4,5
"197",33,100,3000,0.0546351950369224,"reiter",2720.50130679166,1,0.956989247311828,4,5
"198",33,1000,3000,0.0536292177213126,"old",364654.608093228,1,0.956989247311828,4,5
"199",33,1000,3000,0.0536292177213126,"br",2807.9776296666,1,0.956989247311828,4,5
"200",33,1000,3000,0.0536292177213126,"reiter",2965.15599272272,1,0.956989247311828,4,5
"201",33,1,3000,NA,NA,NA,0.9875,0.908045977011494,9,10
"202",33,10,3000,0.0583220585104833,"old",4953.37362372134,0.9875,0.94047619047619,6,6
"203",33,10,3000,0.0583220585104833,"br",1464.58869980829,0.9875,0.94047619047619,6,6
"204",33,10,3000,0.0583220585104833,"reiter",867.732855905308,0.9875,0.94047619047619,6,6
"205",33,100,3000,0.055276352090125,"old",34568.2392572864,1,0.930232558139535,6,7
"206",33,100,3000,0.055276352090125,"br",2598.1654737969,1,0.930232558139535,6,7
"207",33,100,3000,0.055276352090125,"reiter",2716.32777723632,1,0.930232558139535,6,7
"208",33,1000,3000,0.0552445680891472,"old",341910.94667367,1,0.930232558139535,6,7
"209",33,1000,3000,0.0552445680891472,"br",2802.70889078558,1,0.930232558139535,6,7
"210",33,1000,3000,0.0552445680891472,"reiter",2964.50708277712,1,0.930232558139535,6,7
"211",33,1,3000,NA,NA,NA,0.936708860759494,0.936708860759494,10,10
"212",33,10,3000,0.0696583518504061,"old",3845.7872853852,0.936708860759494,0.948717948717949,9,9
"213",33,10,3000,0.0696583518504061,"br",1266.05894149454,0.936708860759494,0.948717948717949,9,9
"214",33,10,3000,0.0696583518504061,"reiter",718.884463929355,0.936708860759494,0.948717948717949,9,9
"215",33,100,3000,0.054921831752002,"old",37947.0744220068,0.949367088607595,0.949367088607595,8,8
"216",33,100,3000,0.054921831752002,"br",2598.76939031209,0.949367088607595,0.949367088607595,8,8
"217",33,100,3000,0.054921831752002,"reiter",2715.1002379059,0.949367088607595,0.949367088607595,8,8
"218",33,1000,3000,0.0519689077265598,"old",394725.649918768,0.949367088607595,0.949367088607595,8,8
"219",33,1000,3000,0.0519689077265598,"br",2814.25840175543,0.949367088607595,0.949367088607595,8,8
"220",33,1000,3000,0.0519689077265598,"reiter",2966.69998166173,0.949367088607595,0.949367088607595,8,8
"221",33,1,3000,NA,NA,NA,0.969072164948454,0.94949494949495,8,9
"222",33,10,3000,0.060618154040926,"old",5513.69559340272,0.979381443298969,0.969387755102041,5,6
"223",33,10,3000,0.060618154040926,"br",1499.93079569911,0.979381443298969,0.969387755102041,5,6
"224",33,10,3000,0.060618154040926,"reiter",925.89889123961,0.979381443298969,0.969387755102041,5,6
"225",33,100,3000,0.0589809400977734,"old",32305.4728775965,0.969072164948454,0.959183673469388,7,7
"226",33,100,3000,0.0589809400977734,"br",2558.31176551446,0.969072164948454,0.959183673469388,7,7
"227",33,100,3000,0.0589809400977734,"reiter",2679.24796361161,0.969072164948454,0.959183673469388,7,7
"228",33,1000,3000,0.059223278447293,"old",300964.987798801,0.958762886597938,0.948979591836735,9,10
"229",33,1000,3000,0.059223278447293,"br",2786.85221794872,0.958762886597938,0.948979591836735,9,10
"230",33,1000,3000,0.059223278447293,"reiter",2959.7362198253,0.958762886597938,0.948979591836735,9,10
"231",33,1,3000,NA,NA,NA,0.974683544303797,0.916666666666667,9,10
"232",33,10,3000,0.0572523284946313,"old",4286.83691296211,0.987341772151899,0.975,3,3
"233",33,10,3000,0.0572523284946313,"br",1471.25686196885,0.987341772151899,0.975,3,3
"234",33,10,3000,0.0572523284946313,"reiter",843.778711207536,0.987341772151899,0.975,3,3
"235",33,100,3000,0.0561218221013376,"old",33744.8530581175,0.962025316455696,0.974358974358974,5,5
"236",33,100,3000,0.0561218221013376,"br",2589.41396741811,0.962025316455696,0.974358974358974,5,5
"237",33,100,3000,0.0561218221013376,"reiter",2708.47026743052,0.962025316455696,0.974358974358974,5,5
"238",33,1000,3000,0.0537906004044233,"old",355069.1394967,0.974683544303797,0.974683544303797,4,5
"239",33,1000,3000,0.0537906004044233,"br",2808.27138622017,0.974683544303797,0.974683544303797,4,5
"240",33,1000,3000,0.0537906004044233,"reiter",2966.00462504561,0.974683544303797,0.974683544303797,4,5
"241",33,1,3000,NA,NA,NA,0.969072164948454,0.930693069306931,10,10
"242",33,10,3000,0.0617772231239066,"old",4819.25042477025,0.948453608247423,0.978723404255319,7,7
"243",33,10,3000,0.0617772231239066,"br",1434.89963626609,0.948453608247423,0.978723404255319,7,7
"244",33,10,3000,0.0617772231239066,"reiter",850.243833692223,0.948453608247423,0.978723404255319,7,7
"245",33,100,3000,0.0507806904412334,"old",41715.6728072649,0.948453608247423,0.978723404255319,7,7
"246",33,100,3000,0.0507806904412334,"br",2642.07947230853,0.948453608247423,0.978723404255319,7,7
"247",33,100,3000,0.0507806904412334,"reiter",2754.71090368925,0.948453608247423,0.978723404255319,7,7
"248",33,1000,3000,0.0527397719268299,"old",378676.399635326,0.958762886597938,0.978947368421053,6,6
"249",33,1000,3000,0.0527397719268299,"br",2811.91084789651,0.958762886597938,0.978947368421053,6,6
"250",33,1000,3000,0.0527397719268299,"reiter",2966.57697252321,0.958762886597938,0.978947368421053,6,6
"251",33,1,3000,NA,NA,NA,0.939393939393939,0.96875,9,10
"252",33,10,3000,0.056909381319869,"old",4406.52381702962,0.96969696969697,0.95049504950495,8,9
"253",33,10,3000,0.056909381319869,"br",1494.78260565353,0.96969696969697,0.95049504950495,8,9
"254",33,10,3000,0.056909381319869,"reiter",873.127279646621,0.96969696969697,0.95049504950495,8,9
"255",33,100,3000,0.0569317636729782,"old",33646.239381594,0.95959595959596,0.979381443298969,6,6
"256",33,100,3000,0.0569317636729782,"br",2579.99976574522,0.95959595959596,0.979381443298969,6,6
"257",33,100,3000,0.0569317636729782,"reiter",2699.3687504915,0.95959595959596,0.979381443298969,6,6
"258",33,1000,3000,0.0544285643508712,"old",350573.557187156,0.95959595959596,0.979381443298969,6,6
"259",33,1000,3000,0.0544285643508712,"br",2805.27159055867,0.95959595959596,0.979381443298969,6,6
"260",33,1000,3000,0.0544285643508712,"reiter",2964.74666905292,0.95959595959596,0.979381443298969,6,6
"261",33,1,3000,NA,NA,NA,0.966666666666667,0.90625,12,12
"262",33,10,3000,0.0596048344432932,"old",4174.65923208476,0.977777777777778,0.956521739130435,6,6
"263",33,10,3000,0.0596048344432932,"br",1467.34030774276,0.977777777777778,0.956521739130435,6,6
"264",33,10,3000,0.0596048344432932,"reiter",856.50142622721,0.977777777777778,0.956521739130435,6,6
"265",33,100,3000,0.0512898017458613,"old",41070.8628141182,0.966666666666667,0.97752808988764,5,5
"266",33,100,3000,0.0512898017458613,"br",2636.44478778778,0.966666666666667,0.97752808988764,5,5
"267",33,100,3000,0.0512898017458613,"reiter",2749.58147443447,0.966666666666667,0.97752808988764,5,5
"268",33,1000,3000,0.0511913176243205,"old",400562.70176624,0.966666666666667,0.97752808988764,5,5
"269",33,1000,3000,0.0511913176243205,"br",2817.3047210824,0.966666666666667,0.97752808988764,5,5
"270",33,1000,3000,0.0511913176243205,"reiter",2967.58824324394,0.966666666666667,0.97752808988764,5,5
"271",33,1,3000,NA,NA,NA,0.976744186046512,0.943820224719101,7,7
"272",33,10,3000,0.0675249274581823,"old",2988.25393371233,0.976744186046512,0.954545454545455,6,6
"273",33,10,3000,0.0675249274581823,"br",1258.12906827197,0.976744186046512,0.954545454545455,6,6
"274",33,10,3000,0.0675249274581823,"reiter",682.345462603413,0.976744186046512,0.954545454545455,6,6
"275",33,100,3000,0.0588108387756442,"old",30298.9651373926,0.965116279069767,0.954022988505747,7,7
"276",33,100,3000,0.0588108387756442,"br",2561.2773417856,0.965116279069767,0.954022988505747,7,7
"277",33,100,3000,0.0588108387756442,"reiter",2683.17232942242,0.965116279069767,0.954022988505747,7,7
"278",33,1000,3000,0.0569639320826217,"old",319038.665357145,0.965116279069767,0.954022988505747,7,7
"279",33,1000,3000,0.0569639320826217,"br",2794.69409472648,0.965116279069767,0.954022988505747,7,7
"280",33,1000,3000,0.0569639320826217,"reiter",2961.25710578683,0.965116279069767,0.954022988505747,7,7
"281",33,1,3000,NA,NA,NA,0.978494623655914,0.919191919191919,10,12
"282",33,10,3000,0.0530290239565337,"old",5954.96434226153,0.967741935483871,0.978260869565217,5,7
"283",33,10,3000,0.0530290239565337,"br",1637.87834942171,0.967741935483871,0.978260869565217,5,7
"284",33,10,3000,0.0530290239565337,"reiter",1021.10244314832,0.967741935483871,0.978260869565217,5,7
"285",33,100,3000,0.0568123553179946,"old",33295.487610808,0.967741935483871,0.967741935483871,6,8
"286",33,100,3000,0.0568123553179946,"br",2581.48080260556,0.967741935483871,0.967741935483871,6,8
"287",33,100,3000,0.0568123553179946,"reiter",2700.72260303363,0.967741935483871,0.967741935483871,6,8
"288",33,1000,3000,0.05636538707518,"old",324238.516193887,0.967741935483871,0.978260869565217,5,7
"289",33,1000,3000,0.05636538707518,"br",2797.93826256876,0.967741935483871,0.978260869565217,5,7
"290",33,1000,3000,0.05636538707518,"reiter",2962.89491539987,0.967741935483871,0.978260869565217,5,7
"291",33,1,3000,NA,NA,NA,0.967741935483871,0.927835051546392,10,12
"292",33,10,3000,0.0572245945270202,"old",6122.90157012078,0.956989247311828,0.956989247311828,8,8
"293",33,10,3000,0.0572245945270202,"br",1506.25622693873,0.956989247311828,0.956989247311828,8,8
"294",33,10,3000,0.0572245945270202,"reiter",923.303048589064,0.956989247311828,0.956989247311828,8,8
"295",33,100,3000,0.0551879552816197,"old",35780.7820573034,0.956989247311828,0.946808510638298,9,9
"296",33,100,3000,0.0551879552816197,"br",2598.50921823122,0.956989247311828,0.946808510638298,9,9
"297",33,100,3000,0.0551879552816197,"reiter",2716.2149049255,0.956989247311828,0.946808510638298,9,9
"298",33,1000,3000,0.0547468785067046,"old",349087.011623568,0.956989247311828,0.956989247311828,8,8
"299",33,1000,3000,0.0547468785067046,"br",2804.83466085341,0.956989247311828,0.956989247311828,8,8
"300",33,1000,3000,0.0547468785067046,"reiter",2965.23393892114,0.956989247311828,0.956989247311828,8,8
"301",33,1,3000,NA,NA,NA,0.969072164948454,0.94,9,10
"302",33,10,3000,0.0555315269686374,"old",5977.703733442,0.989690721649485,0.989690721649485,2,3
"303",33,10,3000,0.0555315269686374,"br",1572.46794784356,0.989690721649485,0.989690721649485,2,3
"304",33,10,3000,0.0555315269686374,"reiter",969.17546160538,0.989690721649485,0.989690721649485,2,3
"305",33,100,3000,0.0540273152954002,"old",36526.534162863,0.989690721649485,0.989690721649485,2,3
"306",33,100,3000,0.0540273152954002,"br",2609.63386946892,0.989690721649485,0.989690721649485,2,3
"307",33,100,3000,0.0540273152954002,"reiter",2726.29405205465,0.989690721649485,0.989690721649485,2,3
"308",33,1000,3000,0.0560546511613729,"old",336312.53055455,0.989690721649485,0.989690721649485,2,3
"309",33,1000,3000,0.0560546511613729,"br",2798.56679088978,0.989690721649485,0.989690721649485,2,3
"310",33,1000,3000,0.0560546511613729,"reiter",2962.56031817859,0.989690721649485,0.989690721649485,2,3
"311",33,1,3000,NA,NA,NA,0.974683544303797,0.927710843373494,8,10
"312",33,10,3000,0.0764517188691407,"old",2709.01366453006,0.962025316455696,0.987012987012987,4,4
"313",33,10,3000,0.0764517188691407,"br",1150.71775914188,0.962025316455696,0.987012987012987,4,4
"314",33,10,3000,0.0764517188691407,"reiter",621.796103625333,0.962025316455696,0.987012987012987,4,4
"315",33,100,3000,0.06123693010655,"old",28446.2446002417,0.962025316455696,0.974358974358974,5,5
"316",33,100,3000,0.06123693010655,"br",2536.85485615873,0.962025316455696,0.974358974358974,5,5
"317",33,100,3000,0.06123693010655,"reiter",2661.03576593265,0.962025316455696,0.974358974358974,5,5
"318",33,1000,3000,0.0545614619958315,"old",345831.24291908,0.962025316455696,0.987012987012987,4,4
"319",33,1000,3000,0.0545614619958315,"br",2805.35279908582,0.962025316455696,0.987012987012987,4,4
"320",33,1000,3000,0.0545614619958315,"reiter",2965.2591869553,0.962025316455696,0.987012987012987,4,4
"321",33,1,3000,NA,NA,NA,0.958333333333333,0.929292929292929,11,12
"322",33,10,3000,0.0626587548120821,"old",3839.53280884823,0.958333333333333,0.938775510204082,10,13
"323",33,10,3000,0.0626587548120821,"br",1385.64707309402,0.958333333333333,0.938775510204082,10,13
"324",33,10,3000,0.0626587548120821,"reiter",791.653557633203,0.958333333333333,0.938775510204082,10,13
"325",33,100,3000,0.0534903628477475,"old",38099.7103593184,0.958333333333333,0.938775510204082,10,13
"326",33,100,3000,0.0534903628477475,"br",2614.07763640885,0.958333333333333,0.938775510204082,10,13
"327",33,100,3000,0.0534903628477475,"reiter",2729.50336728103,0.958333333333333,0.938775510204082,10,13
"328",33,1000,3000,0.054014058406429,"old",361074.873792686,0.958333333333333,0.948453608247423,9,12
"329",33,1000,3000,0.054014058406429,"br",2806.2673069821,0.958333333333333,0.948453608247423,9,12
"330",33,1000,3000,0.054014058406429,"reiter",2964.48965894243,0.958333333333333,0.948453608247423,9,12
"331",33,1,3000,NA,NA,NA,0.940594059405941,0.940594059405941,12,13
"332",33,10,3000,0.0623715436996873,"old",4005.08382784235,0.95049504950495,0.979591836734694,7,9
"333",33,10,3000,0.0623715436996873,"br",1380.33756151229,0.95049504950495,0.979591836734694,7,9
"334",33,10,3000,0.0623715436996873,"reiter",795.043014902659,0.95049504950495,0.979591836734694,7,9
"335",33,100,3000,0.0575495831975444,"old",35224.0139592939,0.97029702970297,0.97029702970297,6,7
"336",33,100,3000,0.0575495831975444,"br",2571.40177047319,0.97029702970297,0.97029702970297,6,7
"337",33,100,3000,0.0575495831975444,"reiter",2689.89816189168,0.97029702970297,0.97029702970297,6,7
"338",33,1000,3000,0.054792148261392,"old",360375.710403157,0.97029702970297,0.97029702970297,6,7
"339",33,1000,3000,0.054792148261392,"br",2803.38046096682,0.97029702970297,0.97029702970297,6,7
"340",33,1000,3000,0.054792148261392,"reiter",2963.7676856181,0.97029702970297,0.97029702970297,6,7
"341",33,1,3000,NA,NA,NA,1,0.92156862745098,8,8
"342",33,10,3000,0.0682221603451012,"old",3561.39401489497,0.98936170212766,0.96875,4,8
"343",33,10,3000,0.0682221603451012,"br",1279.34942364142,0.98936170212766,0.96875,4,8
"344",33,10,3000,0.0682221603451012,"reiter",712.644657709752,0.98936170212766,0.96875,4,8
"345",33,100,3000,0.052156060231601,"old",38932.2954963668,0.98936170212766,0.958762886597938,5,5
"346",33,100,3000,0.052156060231601,"br",2628.44489074487,0.98936170212766,0.958762886597938,5,5
"347",33,100,3000,0.052156060231601,"reiter",2742.83127855096,0.98936170212766,0.958762886597938,5,5
"348",33,1000,3000,0.0551419960484677,"old",342927.425110658,0.98936170212766,0.958762886597938,5,5
"349",33,1000,3000,0.0551419960484677,"br",2802.32638304057,0.98936170212766,0.958762886597938,5,5
"350",33,1000,3000,0.0551419960484677,"reiter",2963.78523856211,0.98936170212766,0.958762886597938,5,5
"351",33,1,3000,NA,NA,NA,0.965909090909091,0.944444444444444,8,10
"352",33,10,3000,0.060288282977598,"old",4513.9943331867,0.965909090909091,0.977011494252874,5,7
"353",33,10,3000,0.060288282977598,"br",1408.3617926359,0.965909090909091,0.977011494252874,5,7
"354",33,10,3000,0.060288282977598,"reiter",812.817324740036,0.965909090909091,0.977011494252874,5,7
"355",33,100,3000,0.053379720037241,"old",43489.3506477046,0.977272727272727,0.977272727272727,4,6
"356",33,100,3000,0.053379720037241,"br",2612.46575561041,0.977272727272727,0.977272727272727,4,6
"357",33,100,3000,0.053379720037241,"reiter",2726.25515540996,0.977272727272727,0.977272727272727,4,6
"358",33,1000,3000,0.0536957821696661,"old",370068.185919226,0.977272727272727,0.977272727272727,4,6
"359",33,1000,3000,0.0536957821696661,"br",2807.96633318371,0.977272727272727,0.977272727272727,4,6
"360",33,1000,3000,0.0536957821696661,"reiter",2965.30025049224,0.977272727272727,0.977272727272727,4,6
"361",33,1,3000,NA,NA,NA,0.951219512195122,0.917647058823529,11,14
"362",33,10,3000,0.0586175271470438,"old",6612.27649941784,0.975609756097561,0.941176470588235,7,10
"363",33,10,3000,0.0586175271470438,"br",1500.32758633937,0.975609756097561,0.941176470588235,7,10
"364",33,10,3000,0.0586175271470438,"reiter",930.332557168053,0.975609756097561,0.941176470588235,7,10
"365",33,100,3000,0.0571663822084238,"old",34096.8119453303,0.975609756097561,0.952380952380952,6,9
"366",33,100,3000,0.0571663822084238,"br",2576.94845695886,0.975609756097561,0.952380952380952,6,9
"367",33,100,3000,0.0571663822084238,"reiter",2696.01253819643,0.975609756097561,0.952380952380952,6,9
"368",33,1000,3000,0.0561344828378429,"old",341193.450508852,0.975609756097561,0.952380952380952,6,9
"369",33,1000,3000,0.0561344828378429,"br",2798.59977908234,0.975609756097561,0.952380952380952,6,9
"370",33,1000,3000,0.0561344828378429,"reiter",2962.78266649156,0.975609756097561,0.952380952380952,6,9
"371",33,1,3000,NA,NA,NA,0.986842105263158,0.914634146341463,8,8
"372",33,10,3000,0.0580591391426049,"old",5120.22811599517,0.973684210526316,0.961038961038961,5,5
"373",33,10,3000,0.0580591391426049,"br",1516.17460991071,0.973684210526316,0.961038961038961,5,5
"374",33,10,3000,0.0580591391426049,"reiter",928.133525329568,0.973684210526316,0.961038961038961,5,5
"375",33,100,3000,0.0541743207392073,"old",38781.0159823093,0.973684210526316,0.973684210526316,4,4
"376",33,100,3000,0.0541743207392073,"br",2607.14604273011,0.973684210526316,0.973684210526316,4,4
"377",33,100,3000,0.0541743207392073,"reiter",2722.92066043422,0.973684210526316,0.973684210526316,4,4
"378",33,1000,3000,0.0528799624444708,"old",384772.236833045,0.973684210526316,0.961038961038961,5,5
"379",33,1000,3000,0.0528799624444708,"br",2811.59530402741,0.973684210526316,0.961038961038961,5,5
"380",33,1000,3000,0.0528799624444708,"reiter",2966.67393346373,0.973684210526316,0.961038961038961,5,5
"381",33,1,3000,NA,NA,NA,0.944444444444444,0.923913043478261,12,15
"382",33,10,3000,0.0557968969283878,"old",4771.80920524892,0.944444444444444,0.977011494252874,7,7
"383",33,10,3000,0.0557968969283878,"br",1551.30568301353,0.944444444444444,0.977011494252874,7,7
"384",33,10,3000,0.0557968969283878,"reiter",923.180847259623,0.944444444444444,0.977011494252874,7,7
"385",33,100,3000,0.0559825411419487,"old",34248.288571249,0.933333333333333,0.988235294117647,7,7
"386",33,100,3000,0.0559825411419487,"br",2589.71109700813,0.933333333333333,0.988235294117647,7,7
"387",33,100,3000,0.0559825411419487,"reiter",2708.30616881175,0.933333333333333,0.988235294117647,7,7
"388",33,1000,3000,0.0573498667649967,"old",328499.556657368,0.955555555555556,0.988505747126437,5,5
"389",33,1000,3000,0.0573498667649967,"br",2793.43688555851,0.955555555555556,0.988505747126437,5,5
"390",33,1000,3000,0.0573498667649967,"reiter",2960.95701969833,0.955555555555556,0.988505747126437,5,5
"391",33,1,3000,NA,NA,NA,0.968085106382979,0.928571428571429,10,11
"392",33,10,3000,0.0576566997770278,"old",5889.37646586338,0.978723404255319,0.958333333333333,6,7
"393",33,10,3000,0.0576566997770278,"br",1494.94322072877,0.978723404255319,0.958333333333333,6,7
"394",33,10,3000,0.0576566997770278,"reiter",904.128594815664,0.978723404255319,0.958333333333333,6,7
"395",33,100,3000,0.0518142223454382,"old",42332.5504121946,0.98936170212766,0.96875,4,6
"396",33,100,3000,0.0518142223454382,"br",2629.91156119541,0.98936170212766,0.96875,4,6
"397",33,100,3000,0.0518142223454382,"reiter",2742.81616717385,0.98936170212766,0.96875,4,6
"398",33,1000,3000,0.052555262643416,"old",391426.066008426,0.98936170212766,0.948979591836735,6,8
"399",33,1000,3000,0.052555262643416,"br",2811.92751652636,0.98936170212766,0.948979591836735,6,8
"400",33,1000,3000,0.052555262643416,"reiter",2965.99526436816,0.98936170212766,0.948979591836735,6,8
"401",33,1,3000,NA,NA,NA,0.948979591836735,0.948979591836735,10,11
"402",33,10,3000,0.0535194057421616,"old",10349.4670359941,0.948979591836735,0.978947368421053,7,8
"403",33,10,3000,0.0535194057421616,"br",1666.78617588942,0.948979591836735,0.978947368421053,7,8
"404",33,10,3000,0.0535194057421616,"reiter",1122.12985934776,0.948979591836735,0.978947368421053,7,8
"405",33,100,3000,0.0536674126650544,"old",38059.3171237701,0.959183673469388,0.979166666666667,6,7
"406",33,100,3000,0.0536674126650544,"br",2612.95903890014,0.959183673469388,0.979166666666667,6,7
"407",33,100,3000,0.0536674126650544,"reiter",2728.65237312591,0.959183673469388,0.979166666666667,6,7
"408",33,1000,3000,0.0536692171848664,"old",365353.667660209,0.959183673469388,0.979166666666667,6,7
"409",33,1000,3000,0.0536692171848664,"br",2808.36637838093,0.959183673469388,0.979166666666667,6,7
"410",33,1000,3000,0.0536692171848664,"reiter",2965.66898890043,0.959183673469388,0.979166666666667,6,7
"411",33,1,3000,NA,NA,NA,0.948717948717949,0.86046511627907,16,16
"412",33,10,3000,0.0691059059659623,"old",2197.9563960856,0.974358974358974,0.962025316455696,5,5
"413",33,10,3000,0.0691059059659623,"br",1188.31701622247,0.974358974358974,0.962025316455696,5,5
"414",33,10,3000,0.0691059059659623,"reiter",597.785425712813,0.974358974358974,0.962025316455696,5,5
"415",33,100,3000,0.0546269622186116,"old",38676.148913299,0.974358974358974,0.95,6,6
"416",33,100,3000,0.0546269622186116,"br",2601.56239274171,0.974358974358974,0.95,6,6
"417",33,100,3000,0.0546269622186116,"reiter",2717.38991973764,0.974358974358974,0.95,6,6
"418",33,1000,3000,0.0541628776318273,"old",359908.900483162,0.974358974358974,0.95,6,6
"419",33,1000,3000,0.0541628776318273,"br",2806.22219140399,0.974358974358974,0.95,6,6
"420",33,1000,3000,0.0541628776318273,"reiter",2964.89331130599,0.974358974358974,0.95,6,6
"421",33,1,3000,NA,NA,NA,0.989247311827957,0.929292929292929,8,8
"422",33,10,3000,0.0569538293434664,"old",4936.74196149984,0.989247311827957,0.938775510204082,7,7
"423",33,10,3000,0.0569538293434664,"br",1504.62368605245,0.989247311827957,0.938775510204082,7,7
"424",33,10,3000,0.0569538293434664,"reiter",895.134981198139,0.989247311827957,0.938775510204082,7,7
"425",33,100,3000,0.0541710269428379,"old",37410.8309784837,0.989247311827957,0.968421052631579,4,4
"426",33,100,3000,0.0541710269428379,"br",2607.44004400071,0.989247311827957,0.968421052631579,4,4
"427",33,100,3000,0.0541710269428379,"reiter",2723.66857690156,0.989247311827957,0.968421052631579,4,4
"428",33,1000,3000,0.0551477743841752,"old",344698.172678694,0.989247311827957,0.958333333333333,5,5
"429",33,1000,3000,0.0551477743841752,"br",2802.32203537223,0.989247311827957,0.958333333333333,5,5
"430",33,1000,3000,0.0551477743841752,"reiter",2963.79011357783,0.989247311827957,0.958333333333333,5,5
"431",33,1,3000,NA,NA,NA,0.956521739130435,0.926315789473684,11,15
"432",33,10,3000,0.0672164301329637,"old",3477.7819292845,0.934782608695652,0.966292134831461,9,10
"433",33,10,3000,0.0672164301329637,"br",1343.02037143694,0.934782608695652,0.966292134831461,9,10
"434",33,10,3000,0.0672164301329637,"reiter",760.393793380443,0.934782608695652,0.966292134831461,9,10
"435",33,100,3000,0.0586319946622991,"old",34605.7483102606,0.945652173913043,0.97752808988764,7,7
"436",33,100,3000,0.0586319946622991,"br",2561.65508793249,0.945652173913043,0.97752808988764,7,7
"437",33,100,3000,0.0586319946622991,"reiter",2682.23535373005,0.945652173913043,0.97752808988764,7,7
"438",33,1000,3000,0.0567041359130428,"old",332846.105275944,0.945652173913043,0.966666666666667,8,9
"439",33,1000,3000,0.0567041359130428,"br",2796.63818046504,0.945652173913043,0.966666666666667,8,9
"440",33,1000,3000,0.0567041359130428,"reiter",2962.4658133432,0.945652173913043,0.966666666666667,8,9
"441",33,1,3000,NA,NA,NA,0.962025316455696,0.894117647058824,12,18
"442",33,10,3000,0.0679248125049317,"old",4465.03091117674,0.962025316455696,0.926829268292683,9,14
"443",33,10,3000,0.0679248125049317,"br",1358.32985418525,0.962025316455696,0.926829268292683,9,14
"444",33,10,3000,0.0679248125049317,"reiter",809.681197587943,0.962025316455696,0.926829268292683,9,15
"445",33,100,3000,0.0522863300976072,"old",41962.586533258,0.949367088607595,0.9375,9,14
"446",33,100,3000,0.0522863300976072,"br",2624.99377490829,0.949367088607595,0.9375,9,14
"447",33,100,3000,0.0522863300976072,"reiter",2738.08575651691,0.949367088607595,0.9375,9,14
"448",33,1000,3000,0.0545841745491256,"old",361586.560203742,0.949367088607595,0.9375,9,14
"449",33,1000,3000,0.0545841745491256,"br",2804.76876600395,0.949367088607595,0.9375,9,14
"450",33,1000,3000,0.0545841745491256,"reiter",2964.59562667074,0.949367088607595,0.9375,9,14
"451",33,1,3000,NA,NA,NA,0.977777777777778,0.956521739130435,6,9
"452",33,10,3000,0.05831992240849,"old",5276.41715076059,0.988888888888889,0.967391304347826,4,4
"453",33,10,3000,0.05831992240849,"br",1486.16096406827,0.988888888888889,0.967391304347826,4,4
"454",33,10,3000,0.05831992240849,"reiter",885.3178430823,0.988888888888889,0.967391304347826,4,4
"455",33,100,3000,0.0579901365181411,"old",32444.1938962762,0.988888888888889,0.967391304347826,4,5
"456",33,100,3000,0.0579901365181411,"br",2569.1929460099,0.988888888888889,0.967391304347826,4,5
"457",33,100,3000,0.0579901365181411,"reiter",2689.38995801107,0.988888888888889,0.967391304347826,4,5
"458",33,1000,3000,0.0572232417014808,"old",321391.896629019,0.988888888888889,0.967391304347826,4,5
"459",33,1000,3000,0.0572232417014808,"br",2794.65625250925,0.988888888888889,0.967391304347826,4,5
"460",33,1000,3000,0.0572232417014808,"reiter",2961.95780325901,0.988888888888889,0.967391304347826,4,5
"461",33,1,3000,NA,NA,NA,0.981132075471698,0.990476190476191,3,3
"462",33,10,3000,0.0593091228886538,"old",5226.89306034608,0.990566037735849,0.972222222222222,4,4
"463",33,10,3000,0.0593091228886538,"br",1471.22941704804,0.990566037735849,0.972222222222222,4,4
"464",33,10,3000,0.0593091228886538,"reiter",893.511971961681,0.990566037735849,0.972222222222222,4,4
"465",33,100,3000,0.0612168430999447,"old",30223.6293520785,0.981132075471698,0.962962962962963,6,7
"466",33,100,3000,0.0612168430999447,"br",2533.38781591391,0.981132075471698,0.962962962962963,6,7
"467",33,100,3000,0.0612168430999447,"reiter",2655.76971144447,0.981132075471698,0.962962962962963,6,7
"468",33,1000,3000,0.0571085575551044,"old",327722.594676098,0.981132075471698,0.97196261682243,5,6
"469",33,1000,3000,0.0571085575551044,"br",2793.06620642304,0.981132075471698,0.97196261682243,5,6
"470",33,1000,3000,0.0571085575551044,"reiter",2959.869303741,0.981132075471698,0.97196261682243,5,6
"471",33,1,3000,NA,NA,NA,0.962962962962963,0.951219512195122,7,7
"472",33,10,3000,0.0634823813633339,"old",3041.95915125831,0.962962962962963,0.951219512195122,7,7
"473",33,10,3000,0.0634823813633339,"br",1300.86304823622,0.962962962962963,0.951219512195122,7,7
"474",33,10,3000,0.0634823813633339,"reiter",694.459087350221,0.962962962962963,0.951219512195122,7,7
"475",33,100,3000,0.0580239814485894,"old",30142.1938505848,0.962962962962963,0.975,5,5
"476",33,100,3000,0.0580239814485894,"br",2569.65236207399,0.962962962962963,0.975,5,5
"477",33,100,3000,0.0580239814485894,"reiter",2691.52192398517,0.962962962962963,0.975,5,5
"478",33,1000,3000,0.0550267179094526,"old",344836.472004013,0.962962962962963,0.975,5,5
"479",33,1000,3000,0.0550267179094526,"br",2801.24726640372,0.962962962962963,0.975,5,5
"480",33,1000,3000,0.0550267179094526,"reiter",2962.28420864413,0.962962962962963,0.975,5,5
"481",33,1,3000,NA,NA,NA,0.976744186046512,0.91304347826087,10,10
"482",33,10,3000,0.0696640405531484,"old",3161.23389503554,0.953488372093023,0.976190476190476,6,6
"483",33,10,3000,0.0696640405531484,"br",1259.24044736552,0.953488372093023,0.976190476190476,6,6
"484",33,10,3000,0.0696640405531484,"reiter",702.894131328178,0.953488372093023,0.976190476190476,6,6
"485",33,100,3000,0.0563427840649921,"old",32566.3767661086,0.965116279069767,0.965116279069767,6,6
"486",33,100,3000,0.0563427840649921,"br",2587.50483131792,0.965116279069767,0.965116279069767,6,6
"487",33,100,3000,0.0563427840649921,"reiter",2707.18211825201,0.965116279069767,0.965116279069767,6,6
"488",33,1000,3000,0.0556697101942865,"old",331171.87397315,0.965116279069767,0.965116279069767,6,6
"489",33,1000,3000,0.0556697101942865,"br",2800.60601585677,0.965116279069767,0.965116279069767,6,6
"490",33,1000,3000,0.0556697101942865,"reiter",2963.61026589507,0.965116279069767,0.965116279069767,6,6
"491",33,1,3000,NA,NA,NA,0.967391304347826,0.927083333333333,10,10
"492",33,10,3000,0.0594784469753962,"old",4399.79929991833,0.967391304347826,0.988888888888889,4,4
"493",33,10,3000,0.0594784469753962,"br",1468.64542997372,0.967391304347826,0.988888888888889,4,4
"494",33,10,3000,0.0594784469753962,"reiter",863.909243629139,0.967391304347826,0.988888888888889,4,4
"495",33,100,3000,0.0553926850542306,"old",35098.5026281379,0.967391304347826,0.978021978021978,5,5
"496",33,100,3000,0.0553926850542306,"br",2596.84976267182,0.967391304347826,0.978021978021978,5,5
"497",33,100,3000,0.0553926850542306,"reiter",2715.08656894244,0.967391304347826,0.978021978021978,5,5
"498",33,1000,3000,0.054415996142949,"old",347856.182925055,0.967391304347826,0.978021978021978,5,5
"499",33,1000,3000,0.054415996142949,"br",2806.10230158714,0.967391304347826,0.978021978021978,5,5
"500",33,1000,3000,0.054415996142949,"reiter",2965.6061152233,0.967391304347826,0.978021978021978,5,5
"501",33,1,3000,NA,NA,NA,0.97752808988764,0.925531914893617,9,13
"502",33,10,3000,0.0582709822124248,"old",5478.40620968839,0.966292134831461,0.966292134831461,6,9
"503",33,10,3000,0.0582709822124248,"br",1493.31091833936,0.966292134831461,0.966292134831461,6,9
"504",33,10,3000,0.0582709822124248,"reiter",906.048665119846,0.966292134831461,0.966292134831461,6,9
"505",33,100,3000,0.0599802822207311,"old",30325.4199402579,0.98876404494382,0.967032967032967,4,7
"506",33,100,3000,0.0599802822207311,"br",2548.96134449049,0.98876404494382,0.967032967032967,4,7
"507",33,100,3000,0.0599802822207311,"reiter",2671.17756153811,0.98876404494382,0.967032967032967,4,7
"508",33,1000,3000,0.0574238775456311,"old",315316.424644656,0.98876404494382,0.967032967032967,4,7
"509",33,1000,3000,0.0574238775456311,"br",2794.02546290602,0.98876404494382,0.967032967032967,4,7
"510",33,1000,3000,0.0574238775456311,"reiter",2961.94056395157,0.98876404494382,0.967032967032967,4,7
"511",33,1,3000,NA,NA,NA,0.95,0.91566265060241,11,12
"512",33,10,3000,0.0589301118377898,"old",5003.03358553365,0.9375,0.961538461538462,8,9
"513",33,10,3000,0.0589301118377898,"br",1477.46434391664,0.9375,0.961538461538462,8,9
"514",33,10,3000,0.0589301118377898,"reiter",874.681489133412,0.9375,0.961538461538462,8,9
"515",33,100,3000,0.0573727651880561,"old",32591.9649151405,0.9625,1,3,4
"516",33,100,3000,0.0573727651880561,"br",2575.93284938295,0.9625,1,3,4
"517",33,100,3000,0.0573727651880561,"reiter",2696.09562866928,0.9625,1,3,4
"518",33,1000,3000,0.0546005355247176,"old",351742.398558168,0.9625,0.987179487179487,4,5
"519",33,1000,3000,0.0546005355247176,"br",2804.39645315711,0.9625,0.987179487179487,4,5
"520",33,1000,3000,0.0546005355247176,"reiter",2964.32969710728,0.9625,0.987179487179487,4,5
"521",33,1,3000,NA,NA,NA,0.945054945054945,0.914893617021277,13,16
"522",33,10,3000,0.055248719812212,"old",6162.16865175622,0.967032967032967,0.967032967032967,6,8
"523",33,10,3000,0.055248719812212,"br",1575.97315725561,0.967032967032967,0.967032967032967,6,8
"524",33,10,3000,0.055248719812212,"reiter",990.182137768096,0.967032967032967,0.967032967032967,6,8
"525",33,100,3000,0.0550394543266491,"old",36555.5470494344,0.956043956043956,0.966666666666667,7,9
"526",33,100,3000,0.0550394543266491,"br",2598.02502383336,0.956043956043956,0.966666666666667,7,9
"527",33,100,3000,0.0550394543266491,"reiter",2715.07844904339,0.956043956043956,0.966666666666667,7,9
"528",33,1000,3000,0.0534051284965009,"old",368470.121730147,0.956043956043956,0.966666666666667,7,9
"529",33,1000,3000,0.0534051284965009,"br",2808.3823383577,0.956043956043956,0.966666666666667,7,9
"530",33,1000,3000,0.0534051284965009,"reiter",2964.89079134421,0.956043956043956,0.966666666666667,7,9
"531",33,1,3000,NA,NA,NA,0.96,0.947368421052632,7,9
"532",33,10,3000,0.0590061689304575,"old",15085.5319700213,0.946666666666667,0.959459459459459,7,7
"533",33,10,3000,0.0590061689304575,"br",1475.81819525806,0.946666666666667,0.959459459459459,7,7
"534",33,10,3000,0.0590061689304575,"reiter",907.040544393299,0.946666666666667,0.959459459459459,7,7
"535",33,100,3000,0.0578393824651161,"old",32933.8636913909,0.973333333333333,0.986486486486487,3,3
"536",33,100,3000,0.0578393824651161,"br",2571.35056503704,0.973333333333333,0.986486486486487,3,3
"537",33,100,3000,0.0578393824651161,"reiter",2691.41537904943,0.973333333333333,0.986486486486487,3,3
"538",33,1000,3000,0.0543073762642482,"old",351021.699329551,0.973333333333333,0.986486486486487,3,3
"539",33,1000,3000,0.0543073762642482,"br",2806.8358279708,0.973333333333333,0.986486486486487,3,3
"540",33,1000,3000,0.0543073762642482,"reiter",2966.03592104948,0.973333333333333,0.986486486486487,3,3
"541",33,1,3000,NA,NA,NA,0.9375,0.957446808510638,10,13
"542",33,10,3000,0.0603864513806976,"old",6330.17388710555,0.958333333333333,0.989247311827957,5,8
"543",33,10,3000,0.0603864513806976,"br",1482.57498548256,0.958333333333333,0.989247311827957,5,8
"544",33,10,3000,0.0603864513806976,"reiter",921.773178414668,0.958333333333333,0.989247311827957,5,8
"545",33,100,3000,0.052779582715031,"old",39614.609850794,0.947916666666667,0.989130434782609,6,8
"546",33,100,3000,0.052779582715031,"br",2621.51793884951,0.947916666666667,0.989130434782609,6,8
"547",33,100,3000,0.052779582715031,"reiter",2735.92647086842,0.947916666666667,0.989130434782609,6,8
"548",33,1000,3000,0.0524709734223696,"old",396474.478079584,0.947916666666667,0.989130434782609,6,8
"549",33,1000,3000,0.0524709734223696,"br",2812.80425834287,0.947916666666667,0.989130434782609,6,8
"550",33,1000,3000,0.0524709734223696,"reiter",2966.60200908517,0.947916666666667,0.989130434782609,6,8
"551",33,1,3000,NA,NA,NA,0.960526315789474,0.901234567901235,11,12
"552",33,10,3000,0.0541410434616621,"old",5770.10332064593,0.973684210526316,0.973684210526316,4,4
"553",33,10,3000,0.0541410434616621,"br",1552.325477577,0.973684210526316,0.973684210526316,4,4
"554",33,10,3000,0.0541410434616621,"reiter",909.193536380651,0.973684210526316,0.973684210526316,4,4
"555",33,100,3000,0.0499065448171395,"old",45570.3495957764,0.960526315789474,0.960526315789474,6,6
"556",33,100,3000,0.0499065448171395,"br",2649.28860644154,0.960526315789474,0.960526315789474,6,6
"557",33,100,3000,0.0499065448171395,"reiter",2759.83997363457,0.960526315789474,0.960526315789474,6,6
"558",33,1000,3000,0.0521106196627732,"old",389926.249232823,0.960526315789474,0.960526315789474,6,6
"559",33,1000,3000,0.0521106196627732,"br",2814.8350357528,0.960526315789474,0.960526315789474,6,6
"560",33,1000,3000,0.0521106196627732,"reiter",2967.75160519139,0.960526315789474,0.960526315789474,6,6
"561",33,1,3000,NA,NA,NA,0.980582524271845,0.971153846153846,5,8
"562",33,10,3000,0.0639484263693915,"old",4506.38615418916,0.970873786407767,0.99009900990099,4,5
"563",33,10,3000,0.0639484263693915,"br",1326.71153891456,0.970873786407767,0.99009900990099,4,5
"564",33,10,3000,0.0639484263693915,"reiter",741.848604861083,0.970873786407767,0.99009900990099,4,5
"565",33,100,3000,0.0573595979466052,"old",31397.430040803,0.980582524271845,0.990196078431373,3,6
"566",33,100,3000,0.0573595979466052,"br",2576.89654320721,0.980582524271845,0.990196078431373,3,6
"567",33,100,3000,0.0573595979466052,"reiter",2697.81940747888,0.980582524271845,0.990196078431373,3,6
"568",33,1000,3000,0.0555217255818201,"old",335906.776583102,0.970873786407767,0.99009900990099,4,7
"569",33,1000,3000,0.0555217255818201,"br",2802.02211634615,0.970873786407767,0.99009900990099,4,7
"570",33,1000,3000,0.0555217255818201,"reiter",2964.64266884047,0.970873786407767,0.99009900990099,4,7
"571",33,1,3000,NA,NA,NA,0.943661971830986,0.858974358974359,15,16
"572",33,10,3000,0.0672586642422993,"old",5579.25178250055,0.957746478873239,0.971428571428571,5,6
"573",33,10,3000,0.0672586642422993,"br",1389.99840337083,0.957746478873239,0.971428571428571,5,6
"574",33,10,3000,0.0672586642422993,"reiter",860.623401617724,0.957746478873239,0.971428571428571,5,6
"575",33,100,3000,0.0523195482971185,"old",42777.3150978145,0.957746478873239,0.971428571428571,5,6
"576",33,100,3000,0.0523195482971185,"br",2625.33702903246,0.957746478873239,0.971428571428571,5,6
"577",33,100,3000,0.0523195482971185,"reiter",2738.696746901,0.957746478873239,0.971428571428571,5,6
"578",33,1000,3000,0.0524770342568139,"old",399275.127892003,0.957746478873239,0.971428571428571,5,6
"579",33,1000,3000,0.0524770342568139,"br",2813.48644083538,0.957746478873239,0.971428571428571,5,6
"580",33,1000,3000,0.0524770342568139,"reiter",2967.39391343246,0.957746478873239,0.971428571428571,5,6
"581",33,1,3000,NA,NA,NA,0.988235294117647,0.903225806451613,10,11
"582",33,10,3000,0.0563065455601148,"old",19508.4339951664,0.964705882352941,0.964705882352941,6,8
"583",33,10,3000,0.0563065455601148,"br",1639.84910474637,0.964705882352941,0.964705882352941,6,8
"584",33,10,3000,0.0563065455601148,"reiter",1125.28367283212,0.964705882352941,0.964705882352941,6,8
"585",33,100,3000,0.0506816565077184,"old",42548.952515525,0.964705882352941,0.953488372093023,7,9
"586",33,100,3000,0.0506816565077184,"br",2642.19440065142,0.964705882352941,0.953488372093023,7,9
"587",33,100,3000,0.0506816565077184,"reiter",2754.1980871931,0.964705882352941,0.953488372093023,7,9
"588",33,1000,3000,0.0506938509919789,"old",410369.425880424,0.964705882352941,0.953488372093023,7,9
"589",33,1000,3000,0.0506938509919789,"br",2819.49369637224,0.964705882352941,0.953488372093023,7,9
"590",33,1000,3000,0.0506938509919789,"reiter",2968.37448286254,0.964705882352941,0.953488372093023,7,9
"591",33,1,3000,NA,NA,NA,0.957446808510638,0.927835051546392,11,13
"592",33,10,3000,0.0664243233755045,"old",4874.65205583424,0.946808510638298,0.956989247311828,9,11
"593",33,10,3000,0.0664243233755045,"br",1426.30992214341,0.946808510638298,0.956989247311828,9,11
"594",33,10,3000,0.0664243233755045,"reiter",871.202161004576,0.946808510638298,0.956989247311828,9,11
"595",33,100,3000,0.0525558351391298,"old",40656.2043681061,0.946808510638298,0.967391304347826,8,10
"596",33,100,3000,0.0525558351391298,"br",2623.24166548873,0.946808510638298,0.967391304347826,8,10
"597",33,100,3000,0.0525558351391298,"reiter",2737.15325906239,0.946808510638298,0.967391304347826,8,10
"598",33,1000,3000,0.0533077987674577,"old",375581.668187157,0.946808510638298,0.967391304347826,8,10
"599",33,1000,3000,0.0533077987674577,"br",2809.75729498199,0.946808510638298,0.967391304347826,8,10
"600",33,1000,3000,0.0533077987674577,"reiter",2966.00939898001,0.946808510638298,0.967391304347826,8,10
"601",33,1,3000,NA,NA,NA,0.97979797979798,0.932692307692308,9,12
"602",33,10,3000,0.0586848451701734,"old",4898.69173149448,0.97979797979798,0.96039603960396,6,11
"603",33,10,3000,0.0586848451701734,"br",1491.5166748779,0.97979797979798,0.96039603960396,6,11
"604",33,10,3000,0.0586848451701734,"reiter",895.340328004306,0.97979797979798,0.96039603960396,6,11
"605",33,100,3000,0.056523370146194,"old",33408.3784297138,1,0.961165048543689,4,9
"606",33,100,3000,0.056523370146194,"br",2584.24421521609,1,0.961165048543689,4,9
"607",33,100,3000,0.056523370146194,"reiter",2703.41540158187,1,0.961165048543689,4,9
"608",33,1000,3000,0.0569246870006456,"old",322677.614323527,1,0.961165048543689,4,9
"609",33,1000,3000,0.0569246870006456,"br",2795.13351693601,1,0.961165048543689,4,9
"610",33,1000,3000,0.0569246870006456,"reiter",2961.57200276509,1,0.961165048543689,4,9
"611",33,1,3000,NA,NA,NA,0.9375,0.892857142857143,14,15
"612",33,10,3000,0.0567989127353621,"old",14676.7790365583,0.95,0.987012987012987,5,6
"613",33,10,3000,0.0567989127353621,"br",1578.39859785535,0.95,0.987012987012987,5,6
"614",33,10,3000,0.0567989127353621,"reiter",1036.84162438715,0.95,0.987012987012987,5,6
"615",33,100,3000,0.0540799436310304,"old",36186.3483424423,0.9375,0.974025974025974,7,7
"616",33,100,3000,0.0540799436310304,"br",2609.5310215871,0.9375,0.974025974025974,7,7
"617",33,100,3000,0.0540799436310304,"reiter",2726.39031107219,0.9375,0.974025974025974,7,7
"618",33,1000,3000,0.0525953107803063,"old",372029.306795274,0.9375,0.974025974025974,7,7
"619",33,1000,3000,0.0525953107803063,"br",2812.10857541594,0.9375,0.974025974025974,7,7
"620",33,1000,3000,0.0525953107803063,"reiter",2966.41237571531,0.9375,0.974025974025974,7,7
"621",33,1,3000,NA,NA,NA,0.944444444444444,0.894736842105263,15,16
"622",33,10,3000,0.0552996297418616,"old",5531.26187038815,0.955555555555556,0.934782608695652,10,12
"623",33,10,3000,0.0552996297418616,"br",1537.66915253199,0.955555555555556,0.934782608695652,10,12
"624",33,10,3000,0.0552996297418616,"reiter",929.066919264916,0.955555555555556,0.934782608695652,10,12
"625",33,100,3000,0.0511416866158218,"old",42448.7486211762,0.944444444444444,0.944444444444444,10,12
"626",33,100,3000,0.0511416866158218,"br",2637.57703563683,0.944444444444444,0.944444444444444,10,12
"627",33,100,3000,0.0511416866158218,"reiter",2750.3389340342,0.944444444444444,0.944444444444444,10,12
"628",33,1000,3000,0.0531077447475246,"old",376671.099055168,0.944444444444444,0.944444444444444,10,12
"629",33,1000,3000,0.0531077447475246,"br",2810.12994927964,0.944444444444444,0.944444444444444,10,12
"630",33,1000,3000,0.0531077447475246,"reiter",2965.78132763527,0.944444444444444,0.944444444444444,10,12
"631",33,1,3000,NA,NA,NA,1,0.9375,6,8
"632",33,10,3000,0.0574472539052563,"old",7434.29029113488,1,0.957446808510638,4,4
"633",33,10,3000,0.0574472539052563,"br",1495.96529397504,1,0.957446808510638,4,4
"634",33,10,3000,0.0574472539052563,"reiter",917.064211578881,1,0.957446808510638,4,4
"635",33,100,3000,0.0532413887203493,"old",37433.2415124792,1,0.978260869565217,2,2
"636",33,100,3000,0.0532413887203493,"br",2617.31813500049,1,0.978260869565217,2,2
"637",33,100,3000,0.0532413887203493,"reiter",2733.05286363515,1,0.978260869565217,2,2
"638",33,1000,3000,0.0540018002477403,"old",359147.184246466,1,0.978260869565217,2,2
"639",33,1000,3000,0.0540018002477403,"br",2806.16737119359,1,0.978260869565217,2,2
"640",33,1000,3000,0.0540018002477403,"reiter",2964.37128250702,1,0.978260869565217,2,2
"641",33,1,3000,NA,NA,NA,0.943820224719101,0.903225806451613,14,14
"642",33,10,3000,0.0532964371632622,"old",5622.55384923754,0.943820224719101,0.96551724137931,8,8
"643",33,10,3000,0.0532964371632622,"br",1618.70549271704,0.943820224719101,0.96551724137931,8,8
"644",33,10,3000,0.0532964371632622,"reiter",993.164531009675,0.943820224719101,0.96551724137931,8,8
"645",33,100,3000,0.0499218698184688,"old",42521.6804176592,0.943820224719101,0.96551724137931,8,8
"646",33,100,3000,0.0499218698184688,"br",2650.45995712277,0.943820224719101,0.96551724137931,8,8
"647",33,100,3000,0.0499218698184688,"reiter",2762.06715054307,0.943820224719101,0.96551724137931,8,8
"648",33,1000,3000,0.0513627839234654,"old",409789.399917328,0.943820224719101,0.96551724137931,8,8
"649",33,1000,3000,0.0513627839234654,"br",2816.71537022786,0.943820224719101,0.96551724137931,8,8
"650",33,1000,3000,0.0513627839234654,"reiter",2967.41510946553,0.943820224719101,0.96551724137931,8,8
"651",33,1,3000,NA,NA,NA,0.987654320987654,0.919540229885057,8,9
"652",33,10,3000,0.0525344308642346,"old",7760.19079565065,1,0.975903614457831,2,2
"653",33,10,3000,0.0525344308642346,"br",1655.79569680155,1,0.975903614457831,2,2
"654",33,10,3000,0.0525344308642346,"reiter",1072.41040847301,1,0.975903614457831,2,2
"655",33,100,3000,0.0551092151150543,"old",35731.3742346334,1,0.964285714285714,3,3
"656",33,100,3000,0.0551092151150543,"br",2599.00769190844,1,0.964285714285714,3,3
"657",33,100,3000,0.0551092151150543,"reiter",2716.55972423282,1,0.964285714285714,3,3
"658",33,1000,3000,0.0550536953269078,"old",351940.532872642,1,0.964285714285714,3,4
"659",33,1000,3000,0.0550536953269078,"br",2803.27977810084,1,0.964285714285714,3,4
"660",33,1000,3000,0.0550536953269078,"reiter",2964.48177155479,1,0.964285714285714,3,4
"661",33,1,3000,NA,NA,NA,0.974358974358974,0.894117647058824,11,13
"662",33,10,3000,0.0512376724361363,"old",6936.68369683087,0.935897435897436,0.935897435897436,10,15
"663",33,10,3000,0.0512376724361363,"br",1647.5036457783,0.935897435897436,0.935897435897436,10,15
"664",33,10,3000,0.0512376724361363,"reiter",1032.91920505231,0.935897435897436,0.935897435897436,10,15
"665",33,100,3000,0.0547615091558823,"old",37320.4601406901,0.948717948717949,0.936708860759494,9,13
"666",33,100,3000,0.0547615091558823,"br",2599.73767261927,0.948717948717949,0.936708860759494,9,13
"667",33,100,3000,0.0547615091558823,"reiter",2715.75982727737,0.948717948717949,0.936708860759494,9,13
"668",33,1000,3000,0.0547030830344903,"old",346039.813864161,0.948717948717949,0.948717948717949,8,12
"669",33,1000,3000,0.0547030830344903,"br",2804.1779435332,0.948717948717949,0.948717948717949,8,12
"670",33,1000,3000,0.0547030830344903,"reiter",2964.42475822531,0.948717948717949,0.948717948717949,8,12
"671",33,1,3000,NA,NA,NA,0.958333333333333,0.938775510204082,10,12
"672",33,10,3000,0.0680986899997289,"old",3294.53495899198,0.958333333333333,0.968421052631579,7,9
"673",33,10,3000,0.0680986899997289,"br",1289.02361107599,0.958333333333333,0.968421052631579,7,9
"674",33,10,3000,0.0680986899997289,"reiter",719.403474604617,0.958333333333333,0.968421052631579,7,9
"675",33,100,3000,0.0585805185596331,"old",30944.4961438517,0.96875,0.958762886597938,7,9
"676",33,100,3000,0.0585805185596331,"br",2563.99977220597,0.96875,0.958762886597938,7,9
"677",33,100,3000,0.0585805185596331,"reiter",2685.50535338946,0.96875,0.958762886597938,7,9
"678",33,1000,3000,0.0564211843073718,"old",321923.018807224,0.96875,0.958762886597938,7,9
"679",33,1000,3000,0.0564211843073718,"br",2797.83105327468,0.96875,0.958762886597938,7,9
"680",33,1000,3000,0.0564211843073718,"reiter",2962.9646684194,0.96875,0.958762886597938,7,9
"681",33,1,3000,NA,NA,NA,0.979591836734694,0.95049504950495,7,10
"682",33,10,3000,0.0659582276355955,"old",4827.13238168379,0.979591836734694,0.989690721649485,3,3
"683",33,10,3000,0.0659582276355955,"br",1339.23374676156,0.979591836734694,0.989690721649485,3,3
"684",33,10,3000,0.0659582276355955,"reiter",781.453710115323,0.979591836734694,0.989690721649485,3,3
"685",33,100,3000,0.0564399116851601,"old",32786.9147896813,0.979591836734694,0.989690721649485,3,3
"686",33,100,3000,0.0564399116851601,"br",2586.8149555708,0.979591836734694,0.989690721649485,3,3
"687",33,100,3000,0.0564399116851601,"reiter",2706.47052211729,0.979591836734694,0.989690721649485,3,3
"688",33,1000,3000,0.0563785702920528,"old",327260.198879535,0.979591836734694,0.989690721649485,3,3
"689",33,1000,3000,0.0563785702920528,"br",2798.49748909721,0.979591836734694,0.989690721649485,3,3
"690",33,1000,3000,0.0563785702920528,"reiter",2963.50962186386,0.979591836734694,0.989690721649485,3,3
"691",33,1,3000,NA,NA,NA,0.963855421686747,0.930232558139535,9,11
"692",33,10,3000,0.0678112704545759,"old",4177.16269964752,0.939759036144578,0.975,7,10
"693",33,10,3000,0.0678112704545759,"br",1350.69964289743,0.939759036144578,0.975,7,10
"694",33,10,3000,0.0678112704545759,"reiter",790.192327363979,0.939759036144578,0.975,7,10
"695",33,100,3000,0.0604154815326839,"old",29087.7628513706,0.939759036144578,0.962962962962963,8,11
"696",33,100,3000,0.0604154815326839,"br",2544.91552444828,0.939759036144578,0.962962962962963,8,11
"697",33,100,3000,0.0604154815326839,"reiter",2668.13368339135,0.939759036144578,0.962962962962963,8,11
"698",33,1000,3000,0.0591382449105468,"old",297341.684476578,0.939759036144578,0.962962962962963,8,11
"699",33,1000,3000,0.0591382449105468,"br",2787.21129545848,0.939759036144578,0.962962962962963,8,11
"700",33,1000,3000,0.0591382449105468,"reiter",2959.92084191303,0.939759036144578,0.962962962962963,8,11
"701",33,1,3000,NA,NA,NA,0.947368421052632,0.888888888888889,13,16
"702",33,10,3000,0.0646760487651713,"old",4348.25540330885,0.960526315789474,0.960526315789474,6,9
"703",33,10,3000,0.0646760487651713,"br",1326.96402508963,0.960526315789474,0.960526315789474,6,9
"704",33,10,3000,0.0646760487651713,"reiter",765.533083851942,0.960526315789474,0.960526315789474,6,9
"705",33,100,3000,0.0556718375023958,"old",35769.4212062026,0.973684210526316,0.973684210526316,4,5
"706",33,100,3000,0.0556718375023958,"br",2592.58166423963,0.973684210526316,0.973684210526316,4,5
"707",33,100,3000,0.0556718375023958,"reiter",2710.11500152997,0.973684210526316,0.973684210526316,4,5
"708",33,1000,3000,0.0569046296183487,"old",331481.163722743,0.960526315789474,0.960526315789474,6,7
"709",33,1000,3000,0.0569046296183487,"br",2796.07283340756,0.960526315789474,0.960526315789474,6,7
"710",33,1000,3000,0.0569046296183487,"reiter",2962.43863408755,0.960526315789474,0.960526315789474,6,7
"711",33,1,3000,NA,NA,NA,0.953488372093023,0.901098901098901,13,13
"712",33,10,3000,0.0521140242276287,"old",6411.33210449015,0.953488372093023,0.942528735632184,9,9
"713",33,10,3000,0.0521140242276287,"br",1622.8217076131,0.953488372093023,0.942528735632184,9,9
"714",33,10,3000,0.0521140242276287,"reiter",1009.87378389325,0.953488372093023,0.942528735632184,9,9
"715",33,100,3000,0.0520875791415291,"old",42166.8883725627,0.953488372093023,0.964705882352941,7,7
"716",33,100,3000,0.0520875791415291,"br",2627.6380052244,0.953488372093023,0.964705882352941,7,7
"717",33,100,3000,0.0520875791415291,"reiter",2741.15178337229,0.953488372093023,0.964705882352941,7,7
"718",33,1000,3000,0.0526008636832863,"old",389059.410998732,0.953488372093023,0.964705882352941,7,7
"719",33,1000,3000,0.0526008636832863,"br",2812.18050054603,0.953488372093023,0.964705882352941,7,7
"720",33,1000,3000,0.0526008636832863,"reiter",2966.42757686482,0.953488372093023,0.964705882352941,7,7
"721",33,1,3000,NA,NA,NA,0.973684210526316,0.880952380952381,12,15
"722",33,10,3000,0.0579804611595628,"old",7512.06405909135,0.947368421052632,0.935064935064935,9,9
"723",33,10,3000,0.0579804611595628,"br",1546.38467967172,0.947368421052632,0.935064935064935,9,9
"724",33,10,3000,0.0579804611595628,"reiter",981.795864802765,0.947368421052632,0.935064935064935,9,9
"725",33,100,3000,0.0566570044558418,"old",35928.8479314407,0.960526315789474,0.935897435897436,8,8
"726",33,100,3000,0.0566570044558418,"br",2581.80010886912,0.960526315789474,0.935897435897436,8,8
"727",33,100,3000,0.0566570044558418,"reiter",2699.5331459323,0.960526315789474,0.935897435897436,8,8
"728",33,1000,3000,0.0567603633190733,"old",331523.789551706,0.960526315789474,0.935897435897436,8,8
"729",33,1000,3000,0.0567603633190733,"br",2797.01821655577,0.960526315789474,0.935897435897436,8,8
"730",33,1000,3000,0.0567603633190733,"reiter",2963.01405744688,0.960526315789474,0.935897435897436,8,8
"731",33,1,3000,NA,NA,NA,0.956521739130435,0.956521739130435,8,8
"732",33,10,3000,0.0581169434667206,"old",6457.22135893125,0.945652173913043,0.966666666666667,8,8
"733",33,10,3000,0.0581169434667206,"br",1506.72524063104,0.945652173913043,0.966666666666667,8,8
"734",33,10,3000,0.0581169434667206,"reiter",946.684227285145,0.945652173913043,0.966666666666667,8,8
"735",33,100,3000,0.0520433668056115,"old",41245.9087405588,0.945652173913043,0.956043956043956,9,9
"736",33,100,3000,0.0520433668056115,"br",2629.43132287202,0.945652173913043,0.956043956043956,9,9
"737",33,100,3000,0.0520433668056115,"reiter",2743.17641428099,0.945652173913043,0.956043956043956,9,9
"738",33,1000,3000,0.0545919110049865,"old",350842.146447694,0.945652173913043,0.956043956043956,9,9
"739",33,1000,3000,0.0545919110049865,"br",2805.75799657178,0.945652173913043,0.956043956043956,9,9
"740",33,1000,3000,0.0545919110049865,"reiter",2965.75459190753,0.945652173913043,0.956043956043956,9,9
"741",33,1,3000,NA,NA,NA,0.977011494252874,0.923913043478261,9,10
"742",33,10,3000,0.061560291511816,"old",3970.74060950691,0.977011494252874,0.977011494252874,4,5
"743",33,10,3000,0.061560291511816,"br",1411.92785301604,0.977011494252874,0.977011494252874,4,5
"744",33,10,3000,0.061560291511816,"reiter",814.885012088279,0.977011494252874,0.977011494252874,4,5
"745",33,100,3000,0.0557700348326733,"old",34444.6009751201,0.977011494252874,0.965909090909091,5,6
"746",33,100,3000,0.0557700348326733,"br",2592.70715543716,0.977011494252874,0.965909090909091,5,6
"747",33,100,3000,0.0557700348326733,"reiter",2711.25503511846,0.977011494252874,0.965909090909091,5,6
"748",33,1000,3000,0.0553879898043197,"old",339362.723189399,0.977011494252874,0.965909090909091,5,6
"749",33,1000,3000,0.0553879898043197,"br",2801.92911285144,0.977011494252874,0.965909090909091,5,6
"750",33,1000,3000,0.0553879898043197,"reiter",2964.10814156102,0.977011494252874,0.965909090909091,5,6
"751",33,1,3000,NA,NA,NA,0.987951807228916,0.931818181818182,7,9
"752",33,10,3000,0.0520402964041766,"old",6420.81226388836,1,0.988095238095238,1,2
"753",33,10,3000,0.0520402964041766,"br",1644.32827385216,1,0.988095238095238,1,2
"754",33,10,3000,0.0520402964041766,"reiter",1033.62721463597,1,0.988095238095238,1,2
"755",33,100,3000,0.0549468379972737,"old",34712.8867985245,0.975903614457831,0.98780487804878,3,4
"756",33,100,3000,0.0549468379972737,"br",2601.63192070253,0.975903614457831,0.98780487804878,3,4
"757",33,100,3000,0.0549468379972737,"reiter",2719.65765916095,0.975903614457831,0.98780487804878,3,4
"758",33,1000,3000,0.0536980515992085,"old",361463.806516175,0.975903614457831,0.98780487804878,3,3
"759",33,1000,3000,0.0536980515992085,"br",2808.42804048841,0.975903614457831,0.98780487804878,3,3
"760",33,1000,3000,0.0536980515992085,"reiter",2965.850430124,0.975903614457831,0.98780487804878,3,3
"761",33,1,3000,NA,NA,NA,0.978260869565217,0.967741935483871,5,5
"762",33,10,3000,0.0584798908362943,"old",4661.40605268316,0.956521739130435,0.977777777777778,6,6
"763",33,10,3000,0.0584798908362943,"br",1479.91128730705,0.956521739130435,0.977777777777778,6,6
"764",33,10,3000,0.0584798908362943,"reiter",876.289688213536,0.956521739130435,0.977777777777778,6,6
"765",33,100,3000,0.0541804159712272,"old",36242.1557947864,0.956521739130435,0.98876404494382,5,5
"766",33,100,3000,0.0541804159712272,"br",2608.94883732561,0.956521739130435,0.98876404494382,5,5
"767",33,100,3000,0.0541804159712272,"reiter",2725.85181758322,0.956521739130435,0.98876404494382,5,5
"768",33,1000,3000,0.0558041972348937,"old",335912.124423272,0.956521739130435,0.98876404494382,5,5
"769",33,1000,3000,0.0558041972348937,"br",2800.45860661032,0.956521739130435,0.98876404494382,5,5
"770",33,1000,3000,0.0558041972348937,"reiter",2963.81923438801,0.956521739130435,0.98876404494382,5,5
"771",33,1,3000,NA,NA,NA,0.98876404494382,0.926315789473684,8,12
"772",33,10,3000,0.0547275556816494,"old",5274.85328534989,1,0.967391304347826,3,4
"773",33,10,3000,0.0547275556816494,"br",1548.61218047877,1,0.967391304347826,3,4
"774",33,10,3000,0.0547275556816494,"reiter",927.090803585268,1,0.967391304347826,3,4
"775",33,100,3000,0.0571644167621343,"old",33638.0294544852,1,0.988888888888889,1,1
"776",33,100,3000,0.0571644167621343,"br",2577.18968162385,1,0.988888888888889,1,1
"777",33,100,3000,0.0571644167621343,"reiter",2696.58738983105,1,0.988888888888889,1,1
"778",33,1000,3000,0.0559278196696608,"old",332767.555028001,1,0.988888888888889,1,1
"779",33,1000,3000,0.0559278196696608,"br",2799.33741204599,1,0.988888888888889,1,1
"780",33,1000,3000,0.0559278196696608,"reiter",2963.02268451742,1,0.988888888888889,1,1
"781",33,1,3000,NA,NA,NA,0.94949494949495,0.94949494949495,10,12
"782",33,10,3000,0.0579522477708175,"old",4411.99845704653,0.939393939393939,1,6,8
"783",33,10,3000,0.0579522477708175,"br",1474.01516477096,0.939393939393939,1,6,8
"784",33,10,3000,0.0579522477708175,"reiter",866.44536537667,0.939393939393939,1,6,8
"785",33,100,3000,0.0577299927729297,"old",33258.6158720938,0.95959595959596,1,4,5
"786",33,100,3000,0.0577299927729297,"br",2570.99179834361,0.95959595959596,1,4,5
"787",33,100,3000,0.0577299927729297,"reiter",2690.70524503725,0.95959595959596,1,4,5
"788",33,1000,3000,0.056075266864791,"old",334589.967382129,0.94949494949495,0.989473684210526,6,7
"789",33,1000,3000,0.056075266864791,"br",2798.5084858265,0.94949494949495,0.989473684210526,6,7
"790",33,1000,3000,0.056075266864791,"reiter",2962.56334060738,0.94949494949495,0.989473684210526,6,7
"791",33,1,3000,NA,NA,NA,0.974358974358974,0.938271604938272,7,10
"792",33,10,3000,0.0560187710677939,"old",4607.99178880419,0.974358974358974,1,2,2
"793",33,10,3000,0.0560187710677939,"br",1505.87803259441,0.974358974358974,1,2,2
"794",33,10,3000,0.0560187710677939,"reiter",874.767584474639,0.974358974358974,1,2,2
"795",33,100,3000,0.0531464663162335,"old",39011.7445516681,0.961538461538462,1,3,3
"796",33,100,3000,0.0531464663162335,"br",2618.05948056382,0.961538461538462,1,3,3
"797",33,100,3000,0.0531464663162335,"reiter",2732.92290226994,0.961538461538462,1,3,3
"798",33,1000,3000,0.054510476556825,"old",355105.996640977,0.961538461538462,1,3,3
"799",33,1000,3000,0.054510476556825,"br",2805.4582851663,0.961538461538462,1,3,3
"800",33,1000,3000,0.054510476556825,"reiter",2965.14611546002,0.961538461538462,1,3,3
"801",33,1,3000,NA,NA,NA,0.910112359550562,0.941860465116279,13,13
"802",33,10,3000,0.0563163457029923,"old",7866.56281118705,0.955056179775281,0.965909090909091,7,7
"803",33,10,3000,0.0563163457029923,"br",1610.44478439052,0.955056179775281,0.965909090909091,7,7
"804",33,10,3000,0.0563163457029923,"reiter",1042.93855004568,0.955056179775281,0.965909090909091,7,7
"805",33,100,3000,0.0536202835910949,"old",39102.745858139,0.955056179775281,0.965909090909091,7,7
"806",33,100,3000,0.0536202835910949,"br",2612.36613892553,0.955056179775281,0.965909090909091,7,7
"807",33,100,3000,0.0536202835910949,"reiter",2727.68911497083,0.955056179775281,0.965909090909091,7,7
"808",33,1000,3000,0.0565597853986102,"old",326465.630038199,0.955056179775281,0.965909090909091,7,7
"809",33,1000,3000,0.0565597853986102,"br",2796.92073542386,0.955056179775281,0.965909090909091,7,7
"810",33,1000,3000,0.0565597853986102,"reiter",2962.36074719452,0.955056179775281,0.965909090909091,7,7
"811",33,1,3000,NA,NA,NA,0.951219512195122,0.939759036144578,9,9
"812",33,10,3000,0.0557252367257631,"old",5862.43396270726,0.975609756097561,0.975609756097561,4,4
"813",33,10,3000,0.0557252367257631,"br",1559.27136621085,0.975609756097561,0.975609756097561,4,4
"814",33,10,3000,0.0557252367257631,"reiter",971.560376267236,0.975609756097561,0.975609756097561,4,4
"815",33,100,3000,0.0556933200863558,"old",34804.1094992073,0.98780487804878,0.964285714285714,4,4
"816",33,100,3000,0.0556933200863558,"br",2593.31330065306,0.98780487804878,0.964285714285714,4,4
"817",33,100,3000,0.0556933200863558,"reiter",2711.80147780576,0.98780487804878,0.964285714285714,4,4
"818",33,1000,3000,0.0557456172326628,"old",343484.405902995,0.98780487804878,0.964285714285714,4,4
"819",33,1000,3000,0.0557456172326628,"br",2800.37933092745,0.98780487804878,0.964285714285714,4,4
"820",33,1000,3000,0.0557456172326628,"reiter",2963.51588710808,0.98780487804878,0.964285714285714,4,4
"821",33,1,3000,NA,NA,NA,0.971153846153846,0.952830188679245,8,9
"822",33,10,3000,0.0613112832490218,"old",5291.47030103061,0.961538461538462,0.961538461538462,8,9
"823",33,10,3000,0.0613112832490218,"br",1415.69254128105,0.961538461538462,0.961538461538462,8,9
"824",33,10,3000,0.0613112832490218,"reiter",831.871744211712,0.961538461538462,0.961538461538462,8,9
"825",33,100,3000,0.0526123188079639,"old",38886.4831718253,0.961538461538462,0.961538461538462,8,9
"826",33,100,3000,0.0526123188079639,"br",2623.28787461706,0.961538461538462,0.961538461538462,8,9
"827",33,100,3000,0.0526123188079639,"reiter",2738.04422707739,0.961538461538462,0.961538461538462,8,9
"828",33,1000,3000,0.0535256065880555,"old",361378.736299937,0.961538461538462,0.961538461538462,8,9
"829",33,1000,3000,0.0535256065880555,"br",2808.26346280206,0.961538461538462,0.961538461538462,8,9
"830",33,1000,3000,0.0535256065880555,"reiter",2965.16566567043,0.961538461538462,0.961538461538462,8,9
"831",33,1,3000,NA,NA,NA,0.963855421686747,0.930232558139535,9,11
"832",33,10,3000,0.0581680759562668,"old",6123.80644717689,0.939759036144578,0.951219512195122,9,12
"833",33,10,3000,0.0581680759562668,"br",1508.29206505545,0.939759036144578,0.951219512195122,9,12
"834",33,10,3000,0.0581680759562668,"reiter",922.174146076603,0.939759036144578,0.951219512195122,9,12
"835",33,100,3000,0.0549452345539378,"old",36018.211856792,0.951807228915663,0.951807228915663,8,10
"836",33,100,3000,0.0549452345539378,"br",2599.68150065781,0.951807228915663,0.951807228915663,8,10
"837",33,100,3000,0.0549452345539378,"reiter",2716.84599812606,0.951807228915663,0.951807228915663,8,10
"838",33,1000,3000,0.0559308031176929,"old",337214.349379338,0.963855421686747,0.952380952380952,7,9
"839",33,1000,3000,0.0559308031176929,"br",2799.01273601129,0.963855421686747,0.952380952380952,7,9
"840",33,1000,3000,0.0559308031176929,"reiter",2962.63725956105,0.963855421686747,0.952380952380952,7,9
"841",33,1,3000,NA,NA,NA,0.949367088607595,0.925925925925926,10,12
"842",33,10,3000,0.0629904825486192,"old",2989.31445690476,0.936708860759494,0.986666666666667,6,7
"843",33,10,3000,0.0629904825486192,"br",1315.89244844372,0.936708860759494,0.986666666666667,6,7
"844",33,10,3000,0.0629904825486192,"reiter",705.429865095059,0.936708860759494,0.986666666666667,6,7
"845",33,100,3000,0.0533277754820806,"old",39376.5492852787,0.936708860759494,0.986666666666667,6,7
"846",33,100,3000,0.0533277754820806,"br",2615.05124892167,0.936708860759494,0.986666666666667,6,7
"847",33,100,3000,0.0533277754820806,"reiter",2729.44912376514,0.936708860759494,0.986666666666667,6,7
"848",33,1000,3000,0.0522496173427047,"old",383477.004395982,0.936708860759494,0.986666666666667,6,7
"849",33,1000,3000,0.0522496173427047,"br",2813.5553732445,0.936708860759494,0.986666666666667,6,7
"850",33,1000,3000,0.0522496173427047,"reiter",2966.83255070895,0.936708860759494,0.986666666666667,6,7
"851",33,1,3000,NA,NA,NA,0.987179487179487,0.895348837209302,10,12
"852",33,10,3000,0.0609830638205317,"old",4154.68515607262,0.987179487179487,0.9625,4,6
"853",33,10,3000,0.0609830638205317,"br",1429.4660459966,0.987179487179487,0.9625,4,6
"854",33,10,3000,0.0609830638205317,"reiter",830.289198927077,0.987179487179487,0.9625,4,6
"855",33,100,3000,0.0530433696211046,"old",38548.6788587868,0.987179487179487,0.974683544303797,3,5
"856",33,100,3000,0.0530433696211046,"br",2619.84073382149,0.987179487179487,0.974683544303797,3,5
"857",33,100,3000,0.0530433696211046,"reiter",2734.99770371514,0.987179487179487,0.974683544303797,3,5
"858",33,1000,3000,0.0527356184275325,"old",371002.381694343,0.987179487179487,0.974683544303797,3,5
"859",33,1000,3000,0.0527356184275325,"br",2812.51035949473,0.987179487179487,0.974683544303797,3,5
"860",33,1000,3000,0.0527356184275325,"reiter",2967.25730463351,0.987179487179487,0.974683544303797,3,5
"861",33,1,3000,NA,NA,NA,0.977777777777778,0.916666666666667,10,10
"862",33,10,3000,0.0520496429034202,"old",5509.65865040685,0.977777777777778,0.946236559139785,7,7
"863",33,10,3000,0.0520496429034202,"br",1627.5115441461,0.977777777777778,0.946236559139785,7,7
"864",33,10,3000,0.0520496429034202,"reiter",1001.61854499392,0.977777777777778,0.946236559139785,7,7
"865",33,100,3000,0.0513427381848176,"old",42883.6917604615,0.977777777777778,0.956521739130435,6,6
"866",33,100,3000,0.0513427381848176,"br",2635.60147131113,0.977777777777778,0.956521739130435,6,6
"867",33,100,3000,0.0513427381848176,"reiter",2748.1297762623,0.977777777777778,0.956521739130435,6,6
"868",33,1000,3000,0.0511892443007188,"old",407607.919199005,0.977777777777778,0.946236559139785,7,8
"869",33,1000,3000,0.0511892443007188,"br",2818.25427473368,0.977777777777778,0.946236559139785,7,8
"870",33,1000,3000,0.0511892443007188,"reiter",2968.53777724088,0.977777777777778,0.946236559139785,7,8
"871",33,1,3000,NA,NA,NA,0.954545454545455,0.903225806451613,13,19
"872",33,10,3000,0.066631217435113,"old",5966.23910564619,0.931818181818182,0.953488372093023,10,12
"873",33,10,3000,0.066631217435113,"br",1401.27417772009,0.931818181818182,0.953488372093023,10,12
"874",33,10,3000,0.066631217435113,"reiter",879.017082082218,0.931818181818182,0.953488372093023,10,12
"875",33,100,3000,0.0537510132666783,"old",40903.503773467,0.943181818181818,0.954022988505747,9,12
"876",33,100,3000,0.0537510132666783,"br",2610.36200164979,0.943181818181818,0.954022988505747,9,12
"877",33,100,3000,0.0537510132666783,"reiter",2725.06749955136,0.943181818181818,0.954022988505747,9,12
"878",33,1000,3000,0.0545529261760744,"old",369289.233606467,0.931818181818182,0.953488372093023,10,13
"879",33,1000,3000,0.0545529261760744,"br",2805.11889466427,0.931818181818182,0.953488372093023,10,13
"880",33,1000,3000,0.0545529261760744,"reiter",2964.82051268624,0.931818181818182,0.953488372093023,10,13
"881",33,1,3000,NA,NA,NA,0.958333333333333,0.938775510204082,10,11
"882",33,10,3000,0.0540289513284252,"old",4370.57577325334,0.96875,0.958762886597938,7,7
"883",33,10,3000,0.0540289513284252,"br",1551.40203555834,0.96875,0.958762886597938,7,7
"884",33,10,3000,0.0540289513284252,"reiter",907.851328273058,0.96875,0.958762886597938,7,7
"885",33,100,3000,0.0502593406916694,"old",41773.6148368994,0.958333333333333,0.958333333333333,8,8
"886",33,100,3000,0.0502593406916694,"br",2647.27806276745,0.958333333333333,0.958333333333333,8,8
"887",33,100,3000,0.0502593406916694,"reiter",2759.49355993739,0.958333333333333,0.958333333333333,8,8
"888",33,1000,3000,0.0504012454967578,"old",406681.657671706,0.96875,0.958762886597938,7,7
"889",33,1000,3000,0.0504012454967578,"br",2820.36838419375,0.96875,0.958762886597938,7,7
"890",33,1000,3000,0.0504012454967578,"reiter",2968.42755596411,0.96875,0.958762886597938,7,7
"891",33,1,3000,NA,NA,NA,0.945945945945946,0.909090909090909,11,14
"892",33,10,3000,0.0730005732386963,"old",3935.80427878209,0.945945945945946,0.958904109589041,7,7
"893",33,10,3000,0.0730005732386963,"br",1309.80232142957,0.945945945945946,0.958904109589041,7,7
"894",33,10,3000,0.0730005732386963,"reiter",774.95441336721,0.945945945945946,0.958904109589041,7,7
"895",33,100,3000,0.0594799238057625,"old",29747.240167622,0.959459459459459,0.934210526315789,8,8
"896",33,100,3000,0.0594799238057625,"br",2555.4765339846,0.959459459459459,0.934210526315789,8,8
"897",33,100,3000,0.0594799238057625,"reiter",2678.20216045489,0.959459459459459,0.934210526315789,8,8
"898",33,1000,3000,0.0556934166522058,"old",334495.906696051,0.959459459459459,0.934210526315789,8,8
"899",33,1000,3000,0.0556934166522058,"br",2800.8659386637,0.959459459459459,0.934210526315789,8,8
"900",33,1000,3000,0.0556934166522058,"reiter",2963.92920610673,0.959459459459459,0.934210526315789,8,8
"901",33,1,3000,NA,NA,NA,0.924731182795699,0.914893617021277,15,15
"902",33,10,3000,0.0496474393994435,"old",6418.66381094707,0.956989247311828,0.956989247311828,8,8
"903",33,10,3000,0.0496474393994435,"br",1677.31601305191,0.956989247311828,0.956989247311828,8,8
"904",33,10,3000,0.0496474393994435,"reiter",1052.64222739547,0.956989247311828,0.956989247311828,8,8
"905",33,100,3000,0.0542028314014556,"old",37396.6721864068,0.935483870967742,0.966666666666667,9,9
"906",33,100,3000,0.0542028314014556,"br",2607.72912920364,0.935483870967742,0.966666666666667,9,9
"907",33,100,3000,0.0542028314014556,"reiter",2724.03621896916,0.935483870967742,0.966666666666667,9,9
"908",33,1000,3000,0.0528054330029563,"old",377500.860648673,0.935483870967742,0.966666666666667,9,9
"909",33,1000,3000,0.0528054330029563,"br",2811.87498913046,0.935483870967742,0.966666666666667,9,9
"910",33,1000,3000,0.0528054330029563,"reiter",2966.75671946803,0.935483870967742,0.966666666666667,9,9
"911",33,1,3000,NA,NA,NA,0.976744186046512,0.96551724137931,5,5
"912",33,10,3000,0.0652636248338899,"old",8193.30200557023,0.965116279069767,0.965116279069767,6,6
"913",33,10,3000,0.0652636248338899,"br",1386.34452354485,0.965116279069767,0.965116279069767,6,6
"914",33,10,3000,0.0652636248338899,"reiter",857.12684990201,0.965116279069767,0.965116279069767,6,6
"915",33,100,3000,0.0502854002334904,"old",44745.4534422962,0.965116279069767,0.976470588235294,5,5
"916",33,100,3000,0.0502854002334904,"br",2646.22285998306,0.965116279069767,0.976470588235294,5,5
"917",33,100,3000,0.0502854002334904,"reiter",2757.61635381242,0.965116279069767,0.976470588235294,5,5
"918",33,1000,3000,0.0529420994333681,"old",379885.185062119,0.988372093023256,0.977011494252874,3,3
"919",33,1000,3000,0.0529420994333681,"br",2811.65516669425,0.988372093023256,0.977011494252874,3,3
"920",33,1000,3000,0.0529420994333681,"reiter",2966.91689879977,0.988372093023256,0.977011494252874,3,3
"921",33,1,3000,NA,NA,NA,0.978260869565217,0.978260869565217,4,6
"922",33,10,3000,0.0597644333981697,"old",3890.55272761457,0.978260869565217,0.967741935483871,5,7
"923",33,10,3000,0.0597644333981697,"br",1430.54524305513,0.978260869565217,0.967741935483871,5,7
"924",33,10,3000,0.0597644333981697,"reiter",817.843334747775,0.978260869565217,0.967741935483871,5,7
"925",33,100,3000,0.0568417455970951,"old",33219.551004842,0.967391304347826,0.978021978021978,5,7
"926",33,100,3000,0.0568417455970951,"br",2581.1634459781,0.967391304347826,0.978021978021978,5,7
"927",33,100,3000,0.0568417455970951,"reiter",2700.58240148192,0.967391304347826,0.978021978021978,5,7
"928",33,1000,3000,0.0552711109126367,"old",340469.631799969,0.967391304347826,0.978021978021978,5,7
"929",33,1000,3000,0.0552711109126367,"br",2801.85803806307,0.967391304347826,0.978021978021978,5,7
"930",33,1000,3000,0.0552711109126367,"reiter",2963.6968130033,0.967391304347826,0.978021978021978,5,7
"931",33,1,3000,NA,NA,NA,0.952941176470588,0.975903614457831,6,6
"932",33,10,3000,0.0669741896855704,"old",3693.6081603983,0.941176470588235,1,5,5
"933",33,10,3000,0.0669741896855704,"br",1325.00991113616,0.941176470588235,1,5,5
"934",33,10,3000,0.0669741896855704,"reiter",761.602112735663,0.941176470588235,1,5,5
"935",33,100,3000,0.0594996321368872,"old",31187.9190547977,0.976470588235294,1,2,2
"936",33,100,3000,0.0594996321368872,"br",2553.94338132213,0.976470588235294,1,2,2
"937",33,100,3000,0.0594996321368872,"reiter",2675.78784383682,0.976470588235294,1,2,2
"938",33,1000,3000,0.0567837067157779,"old",333466.536015466,0.976470588235294,1,2,2
"939",33,1000,3000,0.0567837067157779,"br",2796.59274885054,0.976470588235294,1,2,2
"940",33,1000,3000,0.0567837067157779,"reiter",2962.63960061676,0.976470588235294,1,2,2
"941",33,1,3000,NA,NA,NA,0.987654320987654,0.898876404494382,10,10
"942",33,10,3000,0.0677134383647017,"old",3400.27011202609,0.987654320987654,0.963855421686747,4,4
"943",33,10,3000,0.0677134383647017,"br",1273.59604544125,0.987654320987654,0.963855421686747,4,4
"944",33,10,3000,0.0677134383647017,"reiter",703.215103960942,0.987654320987654,0.963855421686747,4,4
"945",33,100,3000,0.0531292176777542,"old",40480.7489254722,0.975308641975309,0.963414634146341,5,5
"946",33,100,3000,0.0531292176777542,"br",2617.12709317626,0.975308641975309,0.963414634146341,5,5
"947",33,100,3000,0.0531292176777542,"reiter",2731.84751639046,0.975308641975309,0.963414634146341,5,5
"948",33,1000,3000,0.053939876715379,"old",363757.33361687,0.975308641975309,0.963414634146341,5,5
"949",33,1000,3000,0.053939876715379,"br",2807.05422028216,0.975308641975309,0.963414634146341,5,5
"950",33,1000,3000,0.053939876715379,"reiter",2965.1176088631,0.975308641975309,0.963414634146341,5,5
"951",33,1,3000,NA,NA,NA,0.946236559139785,0.916666666666667,13,14
"952",33,10,3000,0.0626393997737718,"old",5105.63960923808,0.935483870967742,0.97752808988764,8,9
"953",33,10,3000,0.0626393997737718,"br",1402.85776787702,0.935483870967742,0.97752808988764,8,9
"954",33,10,3000,0.0626393997737718,"reiter",838.545516893192,0.935483870967742,0.97752808988764,8,9
"955",33,100,3000,0.0575038555543491,"old",34129.3225967425,0.924731182795699,0.977272727272727,9,9
"956",33,100,3000,0.0575038555543491,"br",2573.45475903313,0.924731182795699,0.977272727272727,9,9
"957",33,100,3000,0.0575038555543491,"reiter",2693.04104625782,0.924731182795699,0.977272727272727,9,9
"958",33,1000,3000,0.0544850497670192,"old",354117.979454015,0.924731182795699,0.966292134831461,10,10
"959",33,1000,3000,0.0544850497670192,"br",2805.01924224674,0.924731182795699,0.966292134831461,10,10
"960",33,1000,3000,0.0544850497670192,"reiter",2964.62637110305,0.924731182795699,0.966292134831461,10,10
"961",33,1,3000,NA,NA,NA,0.974683544303797,0.950617283950617,6,7
"962",33,10,3000,0.0671804742293088,"old",3268.51467664514,0.987341772151899,0.975,3,4
"963",33,10,3000,0.0671804742293088,"br",1282.53090417413,0.987341772151899,0.975,3,4
"964",33,10,3000,0.0671804742293088,"reiter",705.70584974202,0.987341772151899,0.975,3,4
"965",33,100,3000,0.0556257717039437,"old",36138.9780827956,0.974683544303797,0.987179487179487,3,4
"966",33,100,3000,0.0556257717039437,"br",2592.88299292002,0.974683544303797,0.987179487179487,3,4
"967",33,100,3000,0.0556257717039437,"reiter",2710.30031992547,0.974683544303797,0.987179487179487,3,4
"968",33,1000,3000,0.0548977642633255,"old",350518.433854836,0.974683544303797,0.987179487179487,3,4
"969",33,1000,3000,0.0548977642633255,"br",2804.05660045169,0.974683544303797,0.987179487179487,3,4
"970",33,1000,3000,0.0548977642633255,"reiter",2964.86445674833,0.974683544303797,0.987179487179487,3,4
"971",33,1,3000,NA,NA,NA,0.960526315789474,0.935897435897436,8,10
"972",33,10,3000,0.0580654558547644,"old",5536.4204416746,0.960526315789474,0.960526315789474,6,8
"973",33,10,3000,0.0580654558547644,"br",1502.85032047489,0.960526315789474,0.960526315789474,6,8
"974",33,10,3000,0.0580654558547644,"reiter",918.916213635341,0.960526315789474,0.960526315789474,6,8
"975",33,100,3000,0.0537323954394091,"old",40223.117140263,0.960526315789474,0.973333333333333,5,7
"976",33,100,3000,0.0537323954394091,"br",2611.29712123657,0.960526315789474,0.973333333333333,5,7
"977",33,100,3000,0.0537323954394091,"reiter",2726.16633608412,0.960526315789474,0.973333333333333,5,7
"978",33,1000,3000,0.0544474737052167,"old",361222.205781292,0.960526315789474,0.973333333333333,5,7
"979",33,1000,3000,0.0544474737052167,"br",2805.97524676983,0.960526315789474,0.973333333333333,5,7
"980",33,1000,3000,0.0544474737052167,"reiter",2965.46417840952,0.960526315789474,0.973333333333333,5,7
"981",33,1,3000,NA,NA,NA,0.947368421052632,0.891089108910891,16,18
"982",33,10,3000,0.0638911459865691,"old",3649.64208921867,0.947368421052632,0.978260869565217,7,7
"983",33,10,3000,0.0638911459865691,"br",1345.54559276118,0.947368421052632,0.978260869565217,7,7
"984",33,10,3000,0.0638911459865691,"reiter",749.247035072742,0.947368421052632,0.978260869565217,7,7
"985",33,100,3000,0.0546260858077134,"old",35521.489480494,0.968421052631579,0.978723404255319,5,7
"986",33,100,3000,0.0546260858077134,"br",2603.32380366365,0.968421052631579,0.978723404255319,5,7
"987",33,100,3000,0.0546260858077134,"reiter",2720.82014976826,0.968421052631579,0.978723404255319,5,7
"988",33,1000,3000,0.0578780676317498,"old",310351.822760296,0.968421052631579,0.989247311827957,4,6
"989",33,1000,3000,0.0578780676317498,"br",2791.0133731621,0.968421052631579,0.989247311827957,4,6
"990",33,1000,3000,0.0578780676317498,"reiter",2960.11963222106,0.968421052631579,0.989247311827957,4,6
